loan_id,origination_date,borrower_id,loan_amount,interest_rate,loan_term_months,credit_score,debt_to_income_ratio,loan_purpose,loan_status,annual_income,state
1,2020-07-30,1954,176969.22,11.05,84,683.0,0.1095,Business,Current,448191.62,WA
2,2018-04-01,749,43989.81,9.6,84,681.0,0.5161,Personal,Paid Off,350439.29,AZ
3,2017-08-14,195,35943.17,11.42,36,666.0,0.3262,Home Improvement,Default,34495.31,GA
4,2016-06-15,963,23590.86,10.22,84,699.0,0.3966,Auto,Paid Off,67856.37,MA
5,2020-01-06,1326,15117.06,6.8,120,701.0,0.3029,Education,Current,433764.91,FL
6,2018-08-26,171,20404.76,9.67,60,,0.5226,Auto,Paid Off,41631.23,MN
7,2020-03-05,1653,49797.17,12.6,60,660.0,0.3154,Auto,Paid Off,135574.69,NY
8,2019-09-11,648,49375.99,12.69,36,683.0,0.5436,Education,Current,431209.99,NJ
9,2023-07-15,2038,11141.28,18.78,60,587.0,0.3051,Personal,Current,564470.09,PA
10,2023-01-06,1138,45932.78,8.64,120,744.0,0.4701,Personal,Current,433583.36,NJ
11,2023-12-24,2486,47461.96,6.76,36,706.0,0.5126,Home Improvement,Current,41642.1,NC
12,2020-03-16,2026,37343.75,9.54,36,,0.3578,Auto,Current,548600.59,NY
13,2023-09-02,531,32538.87,17.43,60,614.0,0.4698,Auto,Paid Off,27389.48,PA
14,2017-12-05,1456,72020.08,13.1,84,665.0,0.526,Home Improvement,Paid Off,399053.43,NY
15,2023-01-02,2107,51803.25,10.39,60,652.0,0.5104,Auto,Paid Off,563227.55,FL
16,2022-11-05,252,32667.61,16.43,120,581.0,0.5466,Personal,Current,28859.29,CT
17,2018-05-16,2499,47807.34,14.79,36,586.0,0.273,Auto,Paid Off,387869.04,NY
18,2018-07-23,1331,26257.23,11.77,36,698.0,0.2076,Education,Paid Off,638607.58,NJ
19,2016-01-28,2468,52981.52,5.8,60,775.0,0.3132,Auto,Paid Off,27888.76,NY
20,2023-10-06,322,42541.33,7.05,84,838.0,0.1591,Personal,Current,30020.49,NY
21,2019-01-21,1602,47606.29,9.73,84,742.0,0.1744,Personal,Current,25590.68,NY
22,2019-09-27,1736,65535.07,14.82,36,628.0,0.3103,Home Improvement,Paid Off,153334.32,NJ
23,2023-06-22,135,42839.99,18.41,84,588.0,0.4746,Home Improvement,Delinquent,39780.43,GA
24,2017-03-22,1390,74389.77,12.27,36,695.0,0.3892,Home Improvement,Current,77845.2,NJ
25,2017-10-28,499,47606.07,15.73,36,521.0,0.496,Personal,Delinquent,223293.18,PA
26,2023-11-05,1084,18116.75,18.92,60,600.0,0.4397,Home Improvement,Current,331732.4,CT
27,2021-03-19,1624,71517.38,19.96,60,511.0,0.2448,Home Improvement,Current,566441.21,DE
28,2023-02-04,1594,45088.39,20.56,60,607.0,0.265,Home Improvement,Current,54811.16,NY
29,2020-06-06,1750,18319.81,14.41,60,526.0,0.4898,Education,Default,270992.05,FL
30,2022-03-23,858,18979.02,9.87,60,749.0,0.204,Home Improvement,Current,303671.32,PA
31,2023-03-04,1743,372931.69,13.76,84,628.0,0.2373,Business,Current,37821.78,PA
32,2018-02-15,2488,41928.61,12.45,84,652.0,0.2889,Auto,Current,45209.14,TX
33,2025-01-17,2367,55920.17,9.91,60,730.0,0.4285,Auto,Delinquent,37299.78,MD
34,2020-04-15,57,23889.37,8.84,36,710.0,0.261,Home Improvement,Current,30736.99,FL
35,2019-02-02,444,395610.56,8.82,36,740.0,0.2019,Business,Current,642163.02,NJ
36,2024-09-08,325,11196.88,20.23,120,613.0,0.3542,Auto,Current,316392.9,MA
37,2016-03-25,439,40980.98,18.06,36,589.0,0.2046,Home Improvement,Delinquent,37416.1,DE
38,2021-04-15,2012,5981.32,10.03,120,679.0,0.288,Personal,Current,34307.68,PA
39,2022-09-15,45,5512.8,7.77,60,706.0,0.1168,Personal,Current,37155.19,GA
40,2022-10-05,1005,51018.58,17.66,36,518.0,0.2462,Auto,Current,30291.98,NJ
41,2017-08-17,1654,73051.16,9.45,84,703.0,0.3753,Education,Current,31661.15,IL
42,2018-05-26,621,15375.59,17.05,36,610.0,0.427,Personal,Delinquent,36509.28,Pennsylvania
43,2020-03-05,1469,23542.35,9.69,36,683.0,0.2093,Home Improvement,Current,38040.01,PA
44,2020-05-22,2342,34406.51,6.97,60,784.0,0.2884,Personal,Current,37475.57,PA
45,2024-08-17,1794,44220.19,11.31,60,660.0,0.1988,Home Improvement,Current,38203.7,New York
46,2019-10-26,2240,44645.5,9.91,84,715.0,0.2303,Personal,Current,39333.32,PA
47,2024-03-24,1967,77501.84,10.38,36,,0.097,Home Improvement,Delinquent,44578.34,WA
48,2016-02-29,1865,190679.41,13.27,36,684.0,0.3801,Business,Paid Off,340135.18,PA
49,2018-02-03,760,337857.25,18.02,60,608.0,0.199,Business,Paid Off,44415.12,MI
50,2024-01-16,2029,42740.78,5.21,60,846.0,0.4441,Personal,Current,35323.91,MD
51,2018-09-06,1303,70715.26,18.57,60,608.0,0.1934,Education,Delinquent,99416.68,MA
52,2024-03-29,1778,237341.75,12.95,84,,0.3127,Business,Current,40268.02,DE
53,2019-03-01,1095,42875.57,20.51,120,601.0,0.3622,Home Improvement,Delinquent,30551.32,WA
54,2021-11-21,1730,63017.39,18.37,36,570.0,0.0826,Home Improvement,Default,33616.6,NJ
55,2017-03-02,1245,421253.86,19.2,84,603.0,0.4207,Business,Current,644584.27,NY
56,2021-02-20,1136,64859.23,13.27,36,597.0,0.3992,Home Improvement,Current,472424.23,PA
57,2025-08-30,2018,54971.13,16.56,36,560.0,0.4316,Auto,Delinquent,28342.41,MD
58,2022-06-24,240,75427.29,12.44,120,680.0,0.3672,Home Improvement,Delinquent,70435.28,MN
59,2018-03-22,1222,43248.5,10.76,36,696.0,0.228,Auto,Default,34100.12,PA
60,2019-04-22,1773,50779.5,9.79,120,712.0,0.1867,Home Improvement,Current,32685.96,GA
61,2015-10-04,2294,32686.31,12.93,60,539.0,0.3732,Auto,Current,534493.77,NJ
62,2021-05-25,1406,36333.87,19.29,120,611.0,0.2364,Home Improvement,Paid Off,40854.7,MD
63,2022-02-12,2101,59684.37,12.02,84,684.0,0.0927,Home Improvement,Current,44073.05,DE
64,2015-09-19,701,30594.13,20.61,60,593.0,0.2872,Auto,Default,41759.01,NC
65,2022-05-05,813,64031.65,19.17,84,598.0,0.4629,Home Improvement,Current,25087.19,FL
66,2017-01-23,290,38184.51,7.08,84,708.0,0.2114,Home Improvement,Paid Off,127446.56,NJ
67,2024-09-13,219,23852.43,10.19,84,657.0,0.4874,Personal,Paid Off,32624.87,OH
68,2023-08-16,44,23391.77,8.8,120,717.0,0.0953,Auto,Current,561411.02,OH
69,2019-08-28,720,52507.9,14.9,60,613.0,0.5349,Home Improvement,Current,25642.72,NY
70,2018-03-18,1413,45618.33,13.43,36,603.0,0.3267,Auto,Current,39416.21,NY
71,2022-09-01,1725,20126.13,7.82,60,726.0,0.2561,Personal,Default,29345.61,TX
72,2020-03-06,1638,86195.97,7.27,60,756.0,0.3301,Education,Current,119518.11,VA
73,2017-05-09,1178,23634.0,17.27,120,591.0,0.1734,Home Improvement,Current,42512.59,PA
74,2019-08-01,1363,48506.89,12.55,120,681.0,0.3308,Auto,Current,231015.68,PA
75,2023-08-18,213,2771.73,8.41,84,723.0,0.5147,Personal,Current,44533.75,VA
76,2018-12-28,681,39979.65,12.93,60,,0.3528,Auto,Paid Off,287421.87,PA
77,2024-11-29,1883,35665.18,9.66,84,667.0,0.1677,Home Improvement,Current,59552.47,VA
78,2020-11-21,846,16396.8,15.0,60,626.0,0.3654,Auto,Paid Off,30578.1,DE
79,2021-08-26,2052,67688.4,17.57,60,634.0,0.1964,Home Improvement,Paid Off,24218.85,MD
80,2020-06-25,1814,15514.35,14.76,84,649.0,0.3624,Personal,Current,510098.97,NY
81,2023-01-20,1785,19688.68,9.92,84,741.0,0.2224,Home Improvement,Delinquent,28390.88,PA
82,2016-05-10,1226,34374.28,18.83,84,598.0,0.428,Personal,Current,378886.67,NJ
83,2023-05-18,1371,69804.32,8.08,84,724.0,0.1002,Education,Current,50857.88,CA
84,2020-03-04,2374,35517.05,5.29,36,754.0,0.5118,Home Improvement,Current,111544.95,NC
85,2016-10-24,1135,48577.23,17.66,60,649.0,0.4614,Auto,Delinquent,150634.0,NJ
86,2021-05-13,2004,321467.92,10.7,60,658.0,0.0937,Business,Paid Off,31634.41,DE
87,2020-05-06,411,479664.29,5.62,36,834.0,0.1841,Business,Paid Off,50992.81,DE
88,2018-02-16,1318,22318.4,5.14,84,841.0,0.1782,Education,Current,29908.68,CT
89,2017-03-19,2196,422949.57,5.62,36,766.0,0.5348,Business,Current,32698.57,WA
90,2018-05-16,2512,50561.88,6.96,60,816.0,0.4915,Home Improvement,Current,38786.25,NY
91,2022-12-26,2263,386113.55,14.52,120,585.0,0.1211,Business,Delinquent,37499.03,NY
92,2022-05-22,529,27071.41,20.32,84,606.0,0.0806,Home Improvement,Current,37752.14,DE
93,2020-10-07,1256,31940.81,9.49,120,666.0,0.4936,Personal,Current,28985.29,PA
94,2016-05-19,2507,31310.47,12.88,36,603.0,0.1827,Business,Current,24752.61,CT
95,2021-05-20,2077,3020.06,6.82,120,827.0,0.4611,Personal,Current,61398.85,CA
96,2019-12-10,1499,35277.41,8.36,36,725.0,0.4121,Personal,Current,35661.51,NJ
97,2020-02-07,297,24955.56,19.65,60,540.0,0.4741,Personal,Paid Off,38398.28,DE
98,2019-03-02,2100,20648.83,13.07,84,692.0,0.2277,Auto,Current,34023.45,WA
99,2023-08-06,369,48782.7,10.38,84,,0.1016,Business,Paid Off,58897.37,NJ
100,2021-04-28,1619,79158.39,9.96,36,696.0,0.4269,Business,Current,26385.53,TX
101,2022-10-28,283,51819.97,9.72,60,700.0,0.1463,Education,Delinquent,266520.6,MD
102,2018-09-28,2094,54837.78,7.16,60,732.0,0.2497,Home Improvement,Current,38458.5,FL
103,2020-06-01,545,13943.05,20.7,84,590.0,0.1883,Auto,Current,392530.19,TX
104,2024-04-23,1188,73551.1,12.09,84,699.0,0.3305,Home Improvement,Current,25767.15,MI
105,2018-02-11,319,17780.14,13.3,84,577.0,0.3769,Personal,Default,29463.09,NJ
106,2019-04-22,835,37770.64,7.22,84,718.0,0.283,Personal,Current,622756.46,MI
107,2021-12-20,2259,14137.36,19.43,60,586.0,0.175,Education,Current,38853.37,NY
108,2016-05-01,2309,11600.63,17.79,60,614.0,0.2169,Auto,Current,634383.65,New York
109,2018-04-24,1856,72339.72,12.9,84,649.0,0.2654,Education,Delinquent,26314.49,CA
110,2023-02-23,1164,73667.13,17.34,120,544.0,0.2121,Home Improvement,Paid Off,28902.16,MA
111,2023-01-28,496,29791.07,11.0,84,668.0,0.2807,Auto,Current,24402.96,GA
112,2019-02-13,840,3475.04,13.28,36,671.0,0.4051,Personal,Current,35706.43,CA
113,2016-11-07,1984,9700.23,5.79,60,809.0,0.549,Auto,Current,48503.87,VA
114,2023-01-05,1952,38092.8,14.71,60,608.0,0.5283,Home Improvement,Delinquent,39312.73,NY
115,2016-08-17,94,37147.3,9.45,84,677.0,0.2652,Auto,Current,48357.98,NC
116,2017-11-07,2185,36452.85,12.5,84,684.0,0.283,Personal,Default,37408.99,VA
117,2020-05-02,434,42810.08,14.52,60,613.0,0.0976,Auto,Paid Off,25727.08,IL
118,2023-03-04,197,69128.68,16.47,60,607.0,0.1827,Home Improvement,Paid Off,44304.64,DE
119,2023-05-16,1147,55306.22,6.78,36,747.0,0.4828,Auto,Delinquent,34584.59,PA
120,2023-01-29,2329,39089.41,15.44,60,608.0,0.1442,Auto,Current,26724.43,CA
121,2023-12-09,938,52902.89,4.9,60,801.0,0.3083,Auto,Current,163325.02,NJ
122,2021-09-23,255,461294.08,12.25,84,648.0,0.4665,Business,Delinquent,29709.86,NJ
123,2023-08-21,1481,18572.02,9.34,60,654.0,0.3481,Auto,Current,24103.61,PA
124,2015-07-05,1667,32305.12,8.82,36,743.0,0.303,Home Improvement,Paid Off,40825.96,NJ
125,2019-01-07,1491,34395.2,14.19,60,601.0,0.1324,Auto,Paid Off,34859.66,FL
126,2022-08-01,169,45113.96,5.23,84,830.0,0.3595,Auto,Current,389581.45,NJ
127,2020-05-16,2060,35070.96,5.3,60,823.0,0.4478,Home Improvement,Current,78248.76,NJ
128,2017-11-15,1911,72610.16,12.54,36,596.0,0.4131,Home Improvement,Paid Off,629218.34,PA
129,2017-10-10,1755,30805.9,4.79,84,793.0,0.4362,Personal,Current,39051.32,MA
130,2017-02-06,174,76203.55,9.83,60,673.0,0.2133,Business,Current,27192.86,MN
131,2016-02-17,1384,49931.85,5.01,60,825.0,0.4634,Home Improvement,Current,53185.09,IL
132,2024-07-23,979,24655.7,7.22,60,712.0,0.1051,Personal,Current,38317.62,NC
133,2024-10-23,1242,16390.28,7.86,36,741.0,0.1217,Home Improvement,Paid Off,38305.97,CT
134,2020-04-08,611,27650.44,5.09,60,829.0,0.1641,Home Improvement,Current,270638.68,NY
135,2017-07-29,602,20608.23,8.28,60,745.0,0.3099,Auto,Current,113310.94,PA
136,2024-08-06,2395,72737.26,19.91,60,586.0,0.1011,Home Improvement,Paid Off,28030.02,NJ
137,2016-01-04,1519,265044.7,7.88,60,733.0,0.458,Business,Current,36317.3,DE
138,2025-02-03,1943,21832.05,14.62,60,612.0,0.1318,Personal,Current,354261.6,IL
139,2016-12-24,436,32411.37,20.17,60,634.0,0.4907,Personal,Paid Off,162873.37,MD
140,2023-11-08,2207,86041.06,9.21,36,698.0,0.2341,Education,Current,267415.51,NJ
141,2022-12-21,1872,57514.51,17.16,60,548.0,0.2641,Home Improvement,Default,47559.08,PA
142,2022-11-03,1100,13523.13,20.92,36,595.0,0.5391,Personal,Current,29362.16,PA
143,2023-07-24,2020,9476.78,8.81,36,722.0,0.2033,Personal,Current,528895.69,WA
144,2024-03-11,1302,71361.75,8.19,60,744.0,0.4941,Home Improvement,Current,47259.11,NJ
145,2021-09-27,783,16413.35,6.88,60,714.0,0.3036,Home Improvement,Paid Off,57470.64,NY
146,2023-08-15,1941,49755.9,8.4,36,714.0,0.3779,Personal,Current,28004.51,PA
147,2020-05-10,1682,33732.47,6.83,36,799.0,0.175,Auto,Current,61376.04,NJ
148,2022-10-28,176,8658.04,5.63,84,836.0,0.1723,Personal,Current,399058.38,TX
149,2022-06-10,1659,337264.85,6.72,36,786.0,0.1909,Business,Current,50165.12,NY
150,2018-11-27,2498,30010.7,7.81,84,726.0,0.4722,Auto,Current,39702.53,TX
151,2015-04-26,2351,15605.14,8.19,60,745.0,0.2807,Auto,Current,58721.35,DE
152,2021-08-08,1851,34959.28,12.1,84,,0.2039,Auto,Default,36245.51,NY
153,2018-03-18,1732,16898.14,12.1,36,692.0,0.181,Personal,Current,38666.65,NC
154,2022-01-22,247,47710.82,12.59,60,602.0,0.2311,Home Improvement,Current,31475.03,GA
155,2024-08-27,1850,28470.87,15.74,60,608.0,0.4852,Home Improvement,Current,410877.38,PA
156,2023-02-12,597,44670.63,7.38,60,753.0,0.2545,Personal,Current,24659.65,NJ
157,2019-04-06,943,73114.92,16.49,60,504.0,0.4117,Home Improvement,Default,31480.8,NY
158,2021-06-30,2019,59402.07,12.38,60,642.0,0.3023,Auto,Current,44485.83,CA
159,2024-03-04,212,44864.2,6.14,120,794.0,0.3573,Home Improvement,Current,277128.66,MA
160,2023-07-25,1887,8169.71,7.04,60,753.0,0.4819,Personal,Current,28169.95,PA
161,2023-11-29,2442,8135.91,15.55,36,601.0,0.0908,Auto,Paid Off,27594.2,NY
162,2021-06-16,860,66759.08,6.67,36,735.0,0.46,Home Improvement,Delinquent,37078.19,CA
163,2023-08-03,644,70474.58,7.55,36,718.0,0.2417,Education,Current,322333.22,New Jersey
164,2016-09-29,2439,46201.15,16.51,84,585.0,0.436,Auto,Paid Off,24763.23,NJ
165,2020-12-20,1971,337468.76,9.35,60,732.0,0.3814,Business,Current,45990.95,Pennsylvania
166,2018-08-02,917,9081.14,10.0,60,683.0,0.1662,Auto,Current,40572.75,TX
167,2021-02-17,179,37378.61,7.29,36,715.0,0.0949,Home Improvement,Paid Off,45023.74,NJ
168,2019-09-24,112,10580.73,9.39,84,705.0,0.4374,Auto,Current,174081.68,NC
169,2019-09-12,2297,169492.25,9.73,60,680.0,0.0936,Business,Current,247982.23,NJ
170,2024-08-03,1254,75896.88,19.6,84,612.0,0.2696,Education,Delinquent,37376.06,VA
171,2024-02-21,1929,39915.72,17.89,84,630.0,0.3281,Personal,Current,470927.93,TX
172,2021-08-27,2349,32374.07,19.16,84,621.0,0.237,Home Improvement,Delinquent,33673.46,PA
173,2022-08-09,2165,38639.87,5.27,120,778.0,0.4354,Auto,Current,30565.24,VA
174,2016-11-01,1098,28854.96,10.93,36,651.0,0.1084,Personal,Current,503762.73,MD
175,2019-04-08,1591,37102.44,5.4,84,788.0,0.12,Education,Current,244738.12,PA
176,2020-04-14,1768,24593.0,8.56,120,710.0,0.4777,Home Improvement,Current,611899.95,NY
177,2018-01-07,1640,20026.86,6.79,36,735.0,0.4088,Home Improvement,Default,32523.44,GA
178,2018-04-21,2261,53625.4,12.33,120,614.0,0.3997,Auto,Current,31556.01,PA
179,2019-12-09,1963,28833.51,6.65,60,834.0,0.1363,Auto,Current,150394.41,NC
180,2019-07-04,1581,55619.17,18.16,60,590.0,0.1552,Home Improvement,Current,131768.0,MI
181,2023-02-22,2049,61074.32,7.31,120,744.0,0.1657,Home Improvement,Default,219170.39,NJ
182,2018-02-16,1361,44197.2,18.14,60,520.0,0.495,Personal,Current,37598.18,CA
183,2019-12-27,462,35411.55,15.48,120,610.0,0.2676,Personal,Delinquent,132853.33,MN
184,2023-01-29,953,11511.08,20.21,36,608.0,0.1246,Personal,Current,491073.05,NY
185,2024-12-06,1702,20192.53,6.89,120,753.0,0.1827,Auto,Delinquent,40145.85,MD
186,2020-08-06,1704,54727.22,17.12,60,567.0,0.1316,Auto,Current,411855.23,California
187,2023-02-08,189,69151.1,13.34,84,685.0,0.1682,Home Improvement,Current,40819.07,NJ
188,2017-08-12,1961,457048.71,9.02,84,720.0,0.297,Business,Paid Off,43621.88,NC
189,2017-08-19,1913,206159.98,12.38,60,650.0,0.251,Business,Current,29619.84,TX
190,2021-06-30,867,363564.97,6.44,120,830.0,0.383,Business,Default,33227.38,NJ
191,2020-07-19,1846,51295.51,14.07,60,523.0,0.3248,Auto,Default,30436.24,NJ
192,2020-03-18,1739,18440.17,4.89,84,757.0,0.2199,Auto,Current,530880.75,CA
193,2017-01-14,863,31110.15,12.98,120,,0.3959,Business,Current,370676.56,IL
194,2016-02-27,875,45539.58,20.98,84,601.0,0.4089,Personal,Current,32088.21,NY
195,2024-12-10,519,4729.49,18.35,36,596.0,0.534,Personal,Current,351923.21,IL
196,2023-05-29,260,12640.14,6.29,36,762.0,0.5073,Home Improvement,Paid Off,357425.21,PA
197,2018-12-23,2222,10725.59,6.55,84,771.0,0.1968,Auto,Current,26555.1,NJ
198,2015-12-22,811,50679.28,6.93,60,742.0,0.2733,Auto,Current,31588.57,VA
199,2021-06-12,1072,38609.5,4.71,120,757.0,0.3153,Auto,Current,56855.92,NY
200,2019-10-15,2299,11430.26,19.77,60,583.0,0.0842,Auto,Delinquent,33416.51,NJ
201,2021-02-14,603,41035.71,17.03,84,625.0,0.5108,Home Improvement,Default,35160.2,NY
202,2022-05-13,1395,15826.02,12.9,60,622.0,0.3174,Education,Current,47533.33,NJ
203,2017-12-03,234,8184.68,7.89,60,720.0,0.5402,Auto,Paid Off,33065.43,NJ
204,2021-08-14,1103,471743.4,16.9,36,633.0,0.31,Business,Current,110200.3,MA
205,2016-10-28,2515,430463.76,17.22,36,635.0,0.1111,Business,Paid Off,26596.81,PA
206,2018-12-21,1193,35648.11,8.13,36,720.0,0.1011,Auto,Current,27108.6,NY
207,2018-05-12,2383,10332.45,12.1,60,595.0,0.4572,Auto,Current,408901.76,MD
208,2021-05-15,52,35389.82,10.02,36,,0.2701,Auto,Current,32579.3,PA
209,2022-02-25,522,78767.81,13.06,84,584.0,0.3814,Home Improvement,Current,125622.47,IL
210,2021-05-09,464,134554.46,10.49,120,650.0,0.136,Business,Current,33453.91,VA
211,2025-01-11,1766,58931.42,7.36,84,712.0,0.0941,Home Improvement,Paid Off,27074.32,NY
212,2021-05-27,1000,22491.31,6.3,120,816.0,0.2808,Auto,Paid Off,33116.74,VA
213,2022-02-09,1518,36834.78,17.74,120,531.0,0.0992,Education,Delinquent,55378.2,PA
214,2016-01-31,1536,71654.68,7.89,36,717.0,0.0968,Home Improvement,Paid Off,36517.47,GA
215,2019-06-08,2255,52009.57,6.98,60,731.0,0.2939,Home Improvement,Paid Off,130572.01,NJ
216,2024-06-23,2492,110362.51,9.56,60,738.0,0.1763,Business,Current,472351.93,MI
217,2015-12-12,97,57806.0,7.36,60,781.0,0.3328,Home Improvement,Current,37774.59,WA
218,2018-07-31,706,40325.15,15.61,60,575.0,0.3834,Auto,Current,25840.09,CT
219,2022-02-01,1986,26108.06,12.03,84,594.0,0.2874,Home Improvement,Current,38683.42,IL
220,2016-08-03,1062,56020.05,5.02,60,758.0,0.4235,Auto,Current,312014.86,NJ
221,2018-04-17,2471,59439.4,15.81,36,581.0,0.3208,Home Improvement,Current,234071.06,WA
222,2018-10-04,614,54335.01,9.07,84,720.0,0.1723,Home Improvement,Current,39190.33,IL
223,2018-07-09,651,29692.27,9.15,36,712.0,0.085,Auto,Current,27174.33,MD
224,2020-09-23,1115,6248.98,8.43,60,713.0,0.1995,Personal,Current,38547.59,NC
225,2024-01-02,408,38975.09,8.29,120,743.0,0.4755,Personal,Paid Off,141487.64,MD
226,2022-05-07,924,37573.57,15.3,60,611.0,0.2451,Home Improvement,Paid Off,84088.15,Pennsylvania
227,2019-03-12,1378,35757.06,7.47,120,712.0,0.1801,Auto,Paid Off,41391.4,GA
228,2020-05-23,1869,54988.8,12.09,60,610.0,0.517,Home Improvement,Paid Off,324574.94,NJ
229,2021-02-20,573,34615.94,12.89,84,683.0,0.2344,Auto,Paid Off,179732.16,PA
230,2022-06-29,2065,50160.27,13.18,60,680.0,0.2138,Auto,Current,595141.55,MI
231,2017-12-24,1613,15297.19,14.09,60,585.0,0.3988,Auto,Current,30298.64,PA
232,2020-08-27,1719,19597.38,18.95,60,603.0,0.4879,Home Improvement,Current,82968.36,NJ
233,2016-05-21,2346,54463.26,10.66,60,678.0,0.4925,Home Improvement,Current,88386.59,VA
234,2016-10-03,830,46393.9,10.04,60,652.0,0.3715,Home Improvement,Current,29450.68,Florida
235,2021-02-02,508,34415.31,6.01,60,758.0,0.3052,Home Improvement,Current,36414.42,VA
236,2021-04-05,1539,78889.95,14.68,60,605.0,0.3216,Home Improvement,Current,33647.74,NJ
237,2018-02-07,1379,47573.68,18.14,60,640.0,0.3687,Auto,Current,367238.51,GA
238,2016-01-24,891,23761.19,17.59,60,615.0,0.1689,Auto,Current,30969.89,GA
239,2019-02-05,458,42120.48,9.37,36,667.0,0.4874,Home Improvement,Delinquent,36536.03,MN
240,2016-02-09,889,35475.56,7.93,60,706.0,0.3404,Personal,Paid Off,29858.82,PA
241,2022-04-19,1509,29361.29,8.07,36,705.0,0.465,Education,Current,399314.51,MD
242,2016-10-31,1804,23983.93,12.98,84,696.0,0.1951,Personal,Current,395875.73,PA
243,2016-08-21,1701,8194.79,7.64,120,716.0,0.3917,Auto,Current,32836.45,PA
244,2021-11-09,742,34323.78,9.38,84,697.0,0.2633,Home Improvement,Paid Off,29827.85,PA
245,2017-11-06,211,365958.68,5.43,60,759.0,0.5434,Business,Paid Off,29565.19,WA
246,2016-04-21,650,5535.21,20.26,84,591.0,0.1955,Personal,Current,34212.01,MN
247,2022-12-20,820,83679.83,10.7,36,679.0,0.5257,Education,Paid Off,38249.62,PA
248,2024-12-13,743,59889.0,9.98,120,681.0,0.2812,Auto,Paid Off,35078.82,NJ
249,2021-02-01,839,12543.51,18.21,120,649.0,0.4298,Home Improvement,Paid Off,29558.75,NY
250,2020-10-10,1335,18744.87,10.55,84,666.0,0.233,Personal,Current,417897.84,MA
251,2015-11-07,1323,48393.61,9.12,120,656.0,0.3734,Home Improvement,Paid Off,40550.07,NJ
252,2022-03-20,1504,25148.64,7.07,60,719.0,0.4695,Education,Paid Off,572612.1,NJ
253,2020-10-12,1028,64582.84,12.73,84,590.0,0.5256,Home Improvement,Current,37463.02,CO
254,2019-09-13,441,13736.33,9.21,60,688.0,0.5471,Personal,Current,41368.99,GA
255,2020-09-25,1451,52824.93,9.33,120,741.0,0.4977,Auto,Current,603647.2,MD
256,2022-03-20,415,22767.22,12.8,120,646.0,0.3389,Personal,Delinquent,79583.77,MI
257,2018-02-25,2319,56353.17,13.1,60,679.0,0.3897,Auto,Current,50093.59,FL
258,2018-10-25,1018,62442.73,14.2,60,531.0,0.5035,Education,Delinquent,495402.56,CA
259,2019-12-25,2448,63779.72,12.78,120,585.0,0.5484,Education,Paid Off,29773.0,PA
260,2023-08-30,2037,162852.56,14.97,60,592.0,0.3562,Business,Current,40894.13,PA
261,2019-02-26,1832,15254.42,16.62,36,502.0,0.0913,Auto,Current,520164.48,NY
262,2017-06-14,2372,49038.97,6.4,36,756.0,0.548,Home Improvement,Current,30529.29,PA
263,2018-09-04,299,59346.64,8.97,60,711.0,0.5367,Auto,Current,440619.27,PA
264,2015-09-24,1806,379823.12,8.48,120,715.0,0.0958,Business,Current,34085.38,NY
265,2017-06-21,2276,8716.68,9.05,60,667.0,0.3744,Personal,Delinquent,365949.66,FL
266,2016-09-08,1515,39553.35,13.98,60,636.0,0.2547,Home Improvement,Current,35060.88,VA
267,2020-03-24,1286,20104.59,9.33,84,711.0,0.0824,Auto,Current,29130.34,TX
268,2017-01-02,523,49937.51,7.09,60,831.0,0.4152,Personal,Current,43557.93,PA
269,2023-09-28,1317,61341.26,16.08,84,610.0,0.2409,Home Improvement,Current,32791.73,CT
270,2022-09-17,465,19086.96,16.44,60,604.0,0.279,Personal,Current,35922.05,OH
271,2023-03-02,238,9496.64,16.44,36,642.0,0.3737,Auto,Delinquent,55703.79,CO
272,2022-04-23,110,45880.61,19.71,120,637.0,0.1054,Auto,Paid Off,60290.45,PA
273,2023-11-11,658,38387.52,18.29,120,601.0,0.4293,Home Improvement,Paid Off,36420.86,NJ
274,2024-08-20,1870,25319.44,13.73,60,618.0,0.1547,Personal,Current,36912.55,CO
275,2018-07-15,2270,43525.53,7.71,84,744.0,0.4717,Home Improvement,Current,471879.53,NY
276,2021-06-11,253,70674.18,8.25,36,713.0,0.385,Home Improvement,Current,347794.28,NY
277,2023-06-28,1201,45636.1,20.17,36,601.0,0.5025,Home Improvement,Paid Off,31791.11,IL
278,2018-07-08,2203,24978.38,9.63,120,720.0,0.3653,Personal,Current,31938.3,TX
279,2020-05-30,1918,53226.12,14.73,120,603.0,0.3611,Auto,Paid Off,32899.27,MI
280,2016-09-18,757,14513.79,9.58,36,674.0,0.3726,Auto,Current,525319.81,Florida
281,2017-03-20,679,27476.98,13.1,120,668.0,0.2591,Personal,Current,649017.03,FL
282,2018-01-10,472,50145.55,18.29,60,646.0,0.1829,Auto,Paid Off,31020.3,OH
283,2022-08-24,1886,25172.08,4.51,84,804.0,0.5309,Home Improvement,Current,42530.11,NY
284,2017-05-01,1019,74878.59,12.84,60,644.0,0.4666,Home Improvement,Current,369704.42,DE
285,2020-04-13,1889,22757.23,10.76,60,698.0,0.1576,Personal,Paid Off,28889.71,PA
286,2023-09-05,1124,27246.3,11.43,36,659.0,0.1956,Personal,Current,33046.54,NY
287,2022-11-11,1833,56536.09,14.09,60,519.0,0.4794,Home Improvement,Current,34304.09,OH
288,2018-09-23,368,19161.68,8.72,36,724.0,0.2678,Personal,Paid Off,474901.14,NY
289,2022-08-03,1995,12564.64,17.0,60,628.0,0.2044,Auto,Current,573085.41,NC
290,2020-09-15,762,55831.83,14.89,36,646.0,0.0815,Home Improvement,Default,30212.31,NY
291,2018-01-30,618,71536.85,10.08,36,681.0,0.1951,Home Improvement,Paid Off,36739.36,NJ
292,2017-06-30,528,396600.48,15.47,84,588.0,0.2869,Business,Current,39951.97,CA
293,2022-08-17,1300,9750.32,10.16,60,672.0,0.3821,Personal,Paid Off,32043.15,CA
294,2016-09-07,1453,46367.28,18.8,36,632.0,0.1351,Personal,Current,389365.69,PA
295,2017-05-11,1830,16938.67,11.04,36,662.0,0.246,Auto,Current,300982.28,PA
296,2016-01-05,2303,100484.77,19.49,60,597.0,0.4584,Business,Delinquent,46886.34,CA
297,2020-05-08,768,39758.0,5.87,84,781.0,0.4755,Home Improvement,Current,42374.32,MN
298,2023-06-01,1737,22879.1,9.53,84,715.0,0.458,Personal,Current,46572.07,VA
299,2022-08-19,2144,269493.54,8.02,120,732.0,0.4008,Business,Paid Off,27966.86,MD
300,2018-01-01,2053,58379.09,4.68,84,825.0,0.178,Home Improvement,Paid Off,431234.66,IL
301,2022-02-02,101,10783.51,10.63,120,,0.1568,Home Improvement,Paid Off,28727.46,PA
302,2018-09-30,423,357137.57,7.29,36,737.0,0.1352,Business,Current,50414.0,NJ
303,2025-12-09,262,23498.04,7.64,60,721.0,0.4872,Education,Paid Off,107434.26,VA
304,2021-03-17,566,41466.23,20.59,84,628.0,0.3751,Auto,Current,450542.31,MI
305,2019-10-14,2462,65672.01,19.59,60,644.0,0.2479,Business,Current,24561.35,FL
306,2019-01-31,2005,212707.42,7.29,60,792.0,0.1239,Business,Current,42935.34,VA
307,2022-02-13,180,82617.17,12.6,120,654.0,0.5389,Education,Current,51028.7,MA
308,2024-07-01,1741,105278.84,5.87,60,789.0,0.2334,Business,Current,42631.74,CO
309,2023-02-02,1341,36615.44,8.72,120,731.0,0.0903,Auto,Current,413902.43,PA
310,2016-04-26,671,32759.54,12.79,84,690.0,0.1402,Personal,Paid Off,26170.63,FL
311,2019-04-20,2006,34446.96,19.58,36,556.0,0.1168,Personal,Default,47786.04,Pennsylvania
312,2022-06-19,842,59988.8,17.75,84,617.0,0.5253,Home Improvement,Current,38997.37,DE
313,2019-07-17,1801,77721.92,16.25,36,591.0,0.1458,Home Improvement,Paid Off,433312.55,MD
314,2018-10-04,292,8035.14,14.13,84,586.0,0.0983,Auto,Paid Off,27585.98,NY
315,2021-07-15,142,30400.37,14.05,60,512.0,0.5485,Home Improvement,Current,605199.34,NC
316,2023-12-23,1367,60454.54,13.59,84,594.0,0.4815,Education,Paid Off,624209.44,FL
317,2020-11-12,1442,66589.64,6.24,60,750.0,0.5186,Home Improvement,Current,25627.41,DE
318,2015-12-05,1118,29148.83,5.76,60,755.0,0.1394,Personal,Current,30695.91,TX
319,2019-09-20,606,75431.92,9.4,84,714.0,0.507,Business,Delinquent,58930.25,TX
320,2021-03-27,1015,17526.02,12.26,36,662.0,0.2214,Personal,Paid Off,43439.74,CA
321,2020-12-18,945,53574.08,15.0,60,584.0,0.491,Home Improvement,Current,367577.52,NC
322,2021-04-22,481,43619.06,18.79,36,615.0,0.4474,Home Improvement,Paid Off,62826.89,MN
323,2018-09-12,1128,20660.57,8.25,84,718.0,0.0953,Home Improvement,Current,31526.51,NY
324,2016-12-10,355,17490.37,13.89,60,,0.1916,Personal,Current,32230.88,PA
325,2019-07-11,2218,52228.31,9.98,84,709.0,0.5348,Home Improvement,Current,31846.05,FL
326,2020-11-01,1579,52120.53,15.06,60,618.0,0.5075,Education,Current,28796.74,NJ
327,2018-11-05,248,30747.01,19.02,60,617.0,0.2429,Home Improvement,Default,433357.43,DE
328,2022-11-09,2058,28354.14,10.36,60,697.0,0.3294,Personal,Current,28343.24,NJ
329,2018-03-24,1179,23157.27,7.48,60,708.0,0.4131,Home Improvement,Current,26302.2,IL
330,2017-09-25,1526,289595.76,8.37,60,711.0,0.1822,Business,Current,29890.43,MD
331,2020-06-02,1553,57898.78,9.19,84,694.0,0.3226,Auto,Current,67805.04,VA
332,2023-11-18,1731,47254.08,5.41,36,756.0,0.2884,Home Improvement,Paid Off,428444.48,NY
333,2020-04-16,2095,32196.14,7.12,120,793.0,0.4675,Home Improvement,Delinquent,46591.0,NC
334,2019-07-08,30,74699.44,10.91,36,,0.362,Home Improvement,Default,166932.58,VA
335,2023-09-18,510,46085.89,19.22,120,618.0,0.4959,Personal,Delinquent,143462.34,New Jersey
336,2018-09-13,862,47177.14,19.59,84,614.0,0.3558,Personal,Current,513705.69,TX
337,2017-10-06,1382,23127.26,11.44,36,680.0,0.327,Auto,Current,38305.48,NY
338,2022-03-16,583,392273.18,7.47,36,756.0,0.4318,Business,Current,58411.64,FL
339,2020-06-19,1927,17655.23,15.48,120,588.0,0.2073,Home Improvement,Paid Off,418214.49,PA
340,2017-10-19,1221,47466.78,7.07,120,808.0,0.4168,Personal,Current,33380.08,IL
341,2016-09-21,2014,28151.64,19.61,60,564.0,0.3799,Auto,Current,192711.95,PA
342,2017-01-28,2115,33107.99,13.46,60,588.0,0.2339,Auto,Paid Off,32193.11,PA
343,2023-05-06,509,50789.86,12.46,60,643.0,0.3273,Home Improvement,Paid Off,562541.73,PA
344,2022-04-20,451,296537.15,17.35,36,613.0,0.1293,Business,Paid Off,342497.45,PA
345,2019-06-11,799,47763.07,7.05,120,803.0,0.4833,Personal,Current,37881.42,MI
346,2021-03-26,2152,19735.26,7.17,84,754.0,0.3318,Home Improvement,Current,40129.34,TX
347,2024-11-12,1111,57777.84,10.62,84,699.0,0.3084,Auto,Current,76997.23,PA
348,2016-08-11,333,86982.36,17.22,60,638.0,0.484,Education,Current,110484.78,FL
349,2022-02-09,1365,53104.93,9.61,120,725.0,0.1683,Auto,Current,38328.61,NY
350,2024-01-19,638,26247.78,19.22,84,629.0,0.3222,Auto,Current,129707.02,NJ
351,2020-05-08,822,6455.0,5.74,84,825.0,0.1449,Personal,Current,30480.39,NJ
352,2021-02-15,2153,27578.09,6.91,36,719.0,0.5179,Personal,Current,602218.32,CA
353,2019-09-18,1977,15619.52,4.82,60,760.0,0.4804,Home Improvement,Paid Off,100010.05,NJ
354,2019-11-15,2046,15844.32,16.36,36,608.0,0.3558,Education,Paid Off,42444.99,PA
355,2020-08-20,354,78389.69,13.47,84,668.0,0.488,Home Improvement,Current,36614.57,DE
356,2022-05-20,1488,46790.75,11.13,60,696.0,0.1263,Home Improvement,Current,34680.72,VA
357,2017-09-16,209,43704.46,10.38,60,682.0,0.2413,Business,Current,32627.52,NY
358,2023-10-09,2524,439692.79,16.05,120,581.0,0.4893,Business,Default,34658.86,PA
359,2022-08-20,2040,39300.79,10.3,60,655.0,0.2516,Education,Paid Off,35168.25,NC
360,2022-08-31,1412,13051.08,12.34,36,691.0,0.2995,Home Improvement,Current,509340.78,PA
361,2018-08-06,1376,60287.95,15.76,36,520.0,0.2768,Home Improvement,Delinquent,408426.8,NY
362,2020-01-17,1117,112226.94,5.88,36,759.0,0.3281,Business,Paid Off,124891.24,CA
363,2020-10-01,696,22028.02,16.61,84,592.0,0.3272,Auto,Paid Off,533471.16,NY
364,2024-01-03,2345,35792.29,6.87,84,751.0,0.4202,Personal,Current,26113.0,NC
365,2023-07-06,1081,110949.84,9.68,60,697.0,0.2382,Business,Current,582123.28,NJ
366,2020-12-06,1994,95049.94,5.66,120,750.0,0.2391,Education,Current,29806.12,MA
367,2018-09-01,533,37181.26,11.59,60,669.0,0.0993,Auto,Current,24688.65,PA
368,2020-12-28,1674,54227.67,10.33,84,664.0,0.1052,Auto,Paid Off,430666.72,NY
369,2022-05-30,2224,34470.65,15.04,84,607.0,0.3213,Home Improvement,Current,553681.97,GA
370,2017-08-28,200,48990.28,20.49,36,609.0,0.3503,Education,Current,32747.31,FL
371,2019-01-11,230,10589.05,6.54,84,827.0,0.4221,Auto,Current,33376.98,VA
372,2024-06-18,1310,13179.9,18.82,120,508.0,0.4806,Personal,Current,97378.53,New York
373,2018-05-27,486,2799.7,17.22,36,580.0,0.3717,Personal,Current,35153.99,CT
374,2023-12-16,421,19890.71,17.48,60,625.0,0.4771,Home Improvement,Current,35625.77,OH
375,2018-12-22,870,18201.2,10.16,60,663.0,0.203,Auto,Current,58542.0,PA
376,2019-10-03,1552,16731.66,18.17,60,544.0,0.3158,Education,Current,438533.85,NC
377,2018-06-19,1847,37092.15,16.76,60,584.0,0.2622,Personal,Current,28597.78,CT
378,2020-12-29,316,20494.78,5.55,84,793.0,0.3973,Home Improvement,Current,54311.22,NY
379,2024-05-14,431,325969.54,7.96,120,730.0,0.2391,Business,Current,34555.22,VA
380,2022-07-28,2429,14466.55,19.59,84,514.0,0.4675,Home Improvement,Default,26521.81,GA
381,2017-04-10,970,26344.44,15.41,60,588.0,0.4382,Personal,Delinquent,32187.46,California
382,2022-07-24,70,68492.92,11.66,36,687.0,0.3209,Home Improvement,Current,36025.61,PA
383,2018-11-28,1447,9878.7,17.38,120,559.0,0.2124,Auto,Current,365208.94,DE
384,2020-07-18,388,29266.59,7.27,84,757.0,0.4275,Home Improvement,Current,32050.2,NY
385,2021-11-23,1678,29437.79,20.58,84,602.0,0.4958,Personal,Current,31869.19,MD
386,2017-09-28,782,77832.74,6.65,36,776.0,0.4773,Home Improvement,Current,31878.16,NY
387,2018-04-14,1375,28878.01,15.67,36,594.0,0.4264,Auto,Current,29428.31,PA
388,2022-10-28,1554,41442.65,13.97,60,613.0,0.3199,Auto,Current,33943.16,MD
389,2018-01-03,669,18542.22,9.59,60,689.0,0.144,Personal,Delinquent,38491.52,NY
390,2018-07-04,232,79682.45,5.73,36,824.0,0.2,Home Improvement,Current,185620.43,NC
391,2018-05-29,1380,101974.2,11.51,36,,0.2714,Business,Delinquent,30511.61,CT
392,2020-10-26,1945,42847.14,12.3,36,586.0,0.2165,Personal,Current,252476.58,OH
393,2020-07-22,1260,218835.3,9.19,120,741.0,0.1915,Business,Current,36576.86,TX
394,2023-10-28,1551,24757.44,5.83,60,752.0,0.2362,Home Improvement,Current,37296.68,NJ
395,2021-03-08,1979,18334.64,15.97,60,571.0,0.2885,Home Improvement,Current,24729.17,FL
396,2018-10-04,2523,291376.9,16.11,84,611.0,0.4798,Business,Current,428827.42,NC
397,2018-09-11,2293,36910.92,8.59,60,746.0,0.36,Home Improvement,Current,30984.94,MI
398,2019-06-21,446,44548.9,16.22,36,598.0,0.2497,Personal,Current,33824.68,TX
399,2021-11-09,1337,31479.04,12.41,84,697.0,0.4484,Business,Current,37958.22,PA
400,2020-10-14,1466,57515.73,13.85,60,602.0,0.3626,Auto,Current,612299.13,FL
401,2022-02-21,2167,328495.86,17.09,84,583.0,0.456,Business,Paid Off,40714.16,WA
402,2018-09-01,280,9030.27,19.43,36,602.0,0.5191,Auto,Paid Off,33100.76,CO
403,2017-01-10,487,15077.28,9.65,36,672.0,0.2531,Auto,Paid Off,24871.92,AZ
404,2017-12-19,483,21607.32,14.01,84,624.0,0.2363,Auto,Paid Off,35799.39,TX
405,2020-11-09,555,16983.58,16.22,60,525.0,0.3201,Auto,Current,51824.7,DE
406,2017-10-07,479,41565.0,9.83,120,696.0,0.4836,Education,Current,36840.92,NY
407,2020-10-27,1989,362528.19,6.74,84,752.0,0.3187,Business,Current,35118.09,MN
408,2016-05-23,323,15222.43,9.16,120,734.0,0.4145,Auto,Current,496107.04,MD
409,2020-03-24,1012,59122.43,11.0,84,688.0,0.3921,Home Improvement,Current,36550.27,CO
410,2017-01-22,2132,297753.42,12.02,60,669.0,0.2899,Business,Current,130004.91,MA
411,2018-11-14,818,35443.6,12.77,60,511.0,0.4447,Home Improvement,Current,58541.41,NY
412,2018-10-23,708,32417.82,20.52,60,612.0,0.221,Auto,Paid Off,43029.21,FL
413,2017-02-15,2202,401487.39,18.83,36,503.0,0.4408,Business,Current,365938.42,IL
414,2023-03-24,1006,32482.7,7.47,84,787.0,0.2925,Personal,Paid Off,59009.3,NY
415,2020-06-30,409,59695.4,6.93,120,716.0,0.3134,Auto,Paid Off,56017.35,NJ
416,2018-01-16,2288,356210.94,11.49,120,675.0,0.3118,Business,Current,600412.85,MA
417,2021-12-29,2273,180149.99,7.97,60,722.0,0.2549,Business,Current,559235.43,NJ
418,2018-05-20,2401,53974.74,13.69,84,643.0,0.4907,Auto,Current,32581.97,NJ
419,2023-07-04,1860,70586.06,9.28,84,734.0,0.2539,Education,Current,33508.67,NY
420,2023-08-04,1162,66473.17,10.83,36,691.0,0.4933,Home Improvement,Current,531956.42,NJ
421,2018-08-02,1069,47657.29,9.88,60,721.0,0.1352,Auto,Paid Off,582752.42,MD
422,2019-09-03,1818,31355.29,17.88,60,637.0,0.1819,Home Improvement,Current,29740.36,NC
423,2023-08-19,2520,47409.78,9.76,60,678.0,0.2903,Personal,Current,266032.2,FL
424,2017-06-30,568,77272.18,9.91,60,673.0,0.4802,Home Improvement,Current,603877.34,NY
425,2018-11-25,150,19638.97,14.09,36,646.0,0.4262,Personal,Paid Off,34846.89,TX
426,2019-06-19,1229,21584.32,18.16,120,619.0,0.4617,Personal,Current,30256.09,VA
427,2021-06-03,1126,64388.1,12.49,84,677.0,0.1967,Home Improvement,Delinquent,26743.08,PA
428,2019-11-23,1034,33793.97,9.23,36,672.0,0.3602,Auto,Current,24534.77,MD
429,2020-07-06,1381,13478.98,9.64,84,685.0,0.3694,Home Improvement,Current,37624.41,DE
430,2017-06-10,1045,20260.61,17.55,84,612.0,0.088,Personal,Current,39927.1,FL
431,2020-03-27,2400,454028.61,13.18,36,658.0,0.1092,Business,Current,27255.99,CT
432,2020-03-29,2414,39871.32,10.14,60,663.0,0.214,Personal,Delinquent,49231.77,Pennsylvania
433,2023-03-10,1547,19370.58,7.83,120,702.0,0.2355,Personal,Delinquent,33346.3,AZ
434,2025-05-06,619,169366.22,19.09,60,614.0,0.2512,Business,Current,172159.93,NJ
435,2018-06-15,164,47107.73,6.94,120,756.0,0.5421,Personal,Paid Off,392013.01,FL
436,2022-09-04,403,128963.16,13.0,60,692.0,0.3373,Business,Current,36082.25,PA
437,2025-07-31,2017,17854.71,19.51,36,553.0,0.226,Personal,Paid Off,365766.17,FL
438,2017-02-24,2045,14590.84,20.57,60,608.0,0.4034,Home Improvement,Current,34976.9,NY
439,2022-03-19,1422,20279.23,10.7,84,656.0,0.2755,Personal,Current,275870.14,CA
440,2016-12-31,2030,22598.59,9.95,120,729.0,0.5013,Personal,Current,28845.49,TX
441,2022-10-06,1652,36546.6,14.33,60,586.0,0.5134,Auto,Delinquent,395820.61,PA
442,2017-05-07,1657,27750.04,14.04,60,607.0,0.4774,Personal,Paid Off,223541.55,NJ
443,2020-12-05,2260,41490.62,20.25,120,602.0,0.1296,Personal,Current,28147.73,PA
444,2021-07-07,480,26404.66,7.9,60,722.0,0.2804,Auto,Current,27525.26,VA
445,2019-10-24,50,53447.92,7.7,84,710.0,0.1728,Auto,Current,37940.18,CA
446,2023-09-28,68,119347.66,13.17,84,581.0,0.3449,Business,Current,28708.18,IL
447,2021-09-27,1754,37881.84,7.69,36,726.0,0.4504,Personal,Current,42954.18,CO
448,2018-11-07,1712,152142.29,8.38,60,743.0,0.3897,Business,Paid Off,86461.07,California
449,2017-01-18,582,23880.94,7.87,60,706.0,0.3096,Home Improvement,Current,279953.25,TX
450,2020-01-30,49,165919.93,12.5,120,659.0,0.1524,Business,Paid Off,28257.27,OH
451,2017-02-11,1821,377169.44,17.39,60,642.0,0.2511,Business,Current,34088.44,PA
452,2021-05-28,2108,19889.33,9.41,36,699.0,0.1839,Auto,Current,448371.53,NC
453,2018-06-04,837,75784.51,6.02,36,786.0,0.5038,Home Improvement,Current,24919.32,FL
454,2021-12-05,1059,34722.16,14.18,60,610.0,0.5172,Home Improvement,Default,339866.21,NY
455,2024-01-20,125,48292.28,12.22,120,669.0,0.445,Home Improvement,Current,426508.16,NY
456,2018-11-25,2490,22590.06,4.65,60,827.0,0.2825,Personal,Current,447406.61,OH
457,2022-07-29,2525,101010.03,19.07,120,601.0,0.2038,Business,Paid Off,38220.99,IL
458,2016-04-04,2287,39154.36,9.52,60,705.0,0.4251,Home Improvement,Paid Off,24739.05,DE
459,2019-09-26,882,44616.64,10.19,60,684.0,0.0898,Home Improvement,Current,31493.25,CA
460,2019-07-16,1957,22840.48,8.36,84,748.0,0.2215,Personal,Current,402534.34,CT
461,2021-07-27,26,20798.58,19.45,120,601.0,0.4477,Personal,Current,360765.26,NY
462,2025-03-07,2413,33472.79,15.03,60,600.0,0.5083,Education,Current,550062.23,CA
463,2018-07-13,1054,24285.87,11.39,84,661.0,0.5433,Auto,Current,35062.52,NJ
464,2020-06-15,2036,9404.36,12.51,36,692.0,0.3107,Personal,Paid Off,95354.94,NY
465,2019-08-08,1703,43312.48,10.53,60,696.0,0.3994,Personal,Paid Off,446024.09,PA
466,2023-11-10,1620,82083.38,12.96,84,605.0,0.2667,Education,Delinquent,24811.62,NJ
467,2019-11-04,1217,32583.64,13.33,120,697.0,0.1728,Auto,Current,32763.86,PA
468,2019-09-07,600,46716.74,8.71,60,703.0,0.1095,Home Improvement,Paid Off,38103.9,OH
469,2017-11-20,1881,5434.67,12.44,36,680.0,0.213,Education,Current,45596.77,MD
470,2022-06-23,2433,45552.48,6.06,120,835.0,0.2529,Home Improvement,Current,35868.26,VA
471,2021-07-29,1176,52626.35,12.09,60,580.0,0.1332,Home Improvement,Delinquent,133873.44,FL
472,2021-07-13,362,13697.75,5.0,84,850.0,0.375,Personal,Current,35593.54,TX
473,2024-09-21,1608,64119.77,10.58,120,680.0,0.2099,Home Improvement,Paid Off,24058.64,CA
474,2021-03-30,1308,41823.11,10.4,84,687.0,0.3133,Auto,Current,56886.71,MD
475,2022-08-11,1197,39029.77,4.93,60,819.0,0.5166,Personal,Current,36384.82,FL
476,2016-02-24,1884,62957.98,9.31,84,724.0,0.465,Education,Paid Off,181424.39,NJ
477,2021-01-20,809,128760.46,5.47,36,822.0,0.1063,Business,Current,33296.04,DE
478,2017-08-17,1629,68038.45,13.38,84,699.0,0.213,Home Improvement,Paid Off,32272.08,NJ
479,2022-07-19,1964,27627.56,15.69,84,596.0,0.2513,Home Improvement,Current,41875.98,AZ
480,2020-08-13,2117,13705.04,13.96,36,,0.3412,Personal,Paid Off,32358.93,NY
481,2022-06-22,1609,58720.63,13.84,84,,0.4514,Auto,Current,458902.41,PA
482,2023-01-10,2210,45909.24,15.29,60,618.0,0.246,Education,Paid Off,28928.18,MN
483,2022-07-25,903,61720.98,6.9,84,759.0,0.3726,Education,Current,34341.89,MI
484,2022-07-12,730,25535.26,16.32,60,636.0,0.238,Auto,Paid Off,634675.67,CA
485,2024-07-05,728,279396.68,12.87,60,684.0,0.4705,Business,Current,29311.06,TX
486,2021-04-10,1906,38822.95,9.83,84,749.0,0.5141,Education,Current,617461.79,CT
487,2016-07-12,241,63421.13,11.48,36,693.0,0.4567,Home Improvement,Current,31120.73,OH
488,2018-09-05,1223,49103.17,6.41,84,850.0,0.5304,Auto,Current,346982.09,PA
489,2020-01-08,1812,24594.62,16.02,60,649.0,0.2793,Auto,Paid Off,34206.5,DE
490,2018-11-06,71,11097.82,5.69,36,795.0,0.3424,Auto,Delinquent,29318.98,WA
491,2021-01-09,569,59715.36,8.88,84,740.0,0.5358,Auto,Current,226147.68,MI
492,2018-01-03,2158,40143.52,12.38,60,639.0,0.1809,Business,Current,499459.23,AZ
493,2025-04-19,612,108062.52,18.5,60,600.0,0.2553,Business,Current,52558.95,VA
494,2020-09-17,74,21995.28,20.56,84,620.0,0.5359,Auto,Paid Off,44767.4,AZ
495,2015-10-06,2056,49030.7,9.76,84,654.0,0.3893,Education,Current,33523.87,OH
496,2023-07-19,351,61297.15,14.24,60,587.0,0.4087,Home Improvement,Delinquent,330721.36,MA
497,2025-04-04,2313,8425.91,9.34,36,661.0,0.4845,Auto,Current,28807.36,CT
498,2021-07-29,766,23978.51,5.94,60,773.0,0.2749,Personal,Paid Off,181418.56,NJ
499,2020-12-11,2521,15457.48,20.12,60,626.0,0.3192,Personal,Current,25601.09,NJ
500,2018-03-17,1065,74243.62,12.84,36,583.0,0.3434,Home Improvement,Current,31022.29,FL
501,2023-01-26,1190,38391.6,20.72,60,589.0,0.4477,Personal,Current,157152.66,FL
502,2022-10-18,1546,77056.29,7.21,60,825.0,0.2474,Education,Paid Off,37637.06,MI
503,2022-03-22,77,49700.12,17.04,36,619.0,0.0837,Home Improvement,Current,39377.08,CA
504,2016-12-29,433,44241.04,20.68,36,607.0,0.5446,Auto,Delinquent,426438.19,FL
505,2017-08-02,1088,41278.56,9.73,84,710.0,0.4296,Home Improvement,Current,37369.73,CA
506,2018-02-09,1107,45904.56,9.83,36,718.0,0.1231,Personal,Delinquent,27705.95,TX
507,2021-08-04,158,51552.12,6.83,120,848.0,0.3163,Education,Current,27257.34,VA
508,2019-04-08,2327,19931.49,8.82,60,703.0,0.4368,Home Improvement,Paid Off,59233.78,New York
509,2020-04-21,1603,48661.26,6.12,36,797.0,0.1039,Personal,Current,35174.63,MI
510,2024-10-12,2072,17107.15,16.25,36,518.0,0.1744,Personal,Current,25913.05,VA
511,2020-04-12,136,41016.68,6.07,84,752.0,0.3026,Auto,Current,51546.17,NY
512,2025-07-27,2250,55948.47,16.36,60,640.0,0.2542,Auto,Default,515667.83,NJ
513,2022-02-28,2243,34013.81,20.28,36,620.0,0.2349,Personal,Current,412751.08,NY
514,2019-08-19,1090,48535.7,16.67,84,649.0,0.3016,Personal,Paid Off,26082.54,IL
515,2020-07-30,1951,8248.93,5.11,36,773.0,0.2309,Auto,Current,344947.09,TX
516,2021-03-05,1576,292058.36,9.29,36,719.0,0.1546,Business,Current,24883.04,GA
517,2023-10-30,2264,12000.41,6.77,60,733.0,0.3741,Home Improvement,Current,95455.52,CT
518,2019-07-09,1462,39519.71,6.9,60,798.0,0.3522,Home Improvement,Paid Off,425688.92,PA
519,2018-06-30,1299,18083.96,12.63,36,687.0,0.354,Personal,Current,463670.84,DE
520,2018-08-05,1573,59625.95,11.55,120,676.0,0.1848,Auto,Current,60708.39,DE
521,2022-06-14,1101,7277.06,6.89,60,759.0,0.3413,Personal,Current,38916.69,PA
522,2016-10-06,124,3845.67,7.11,120,748.0,0.497,Personal,Current,38536.78,NC
523,2020-02-14,2275,8367.45,19.36,36,618.0,0.4459,Personal,Current,30549.96,NY
524,2018-10-30,1545,356170.92,11.13,84,691.0,0.3695,Business,Current,518137.44,NC
525,2017-07-02,407,10340.59,6.5,120,806.0,0.5338,Home Improvement,Paid Off,200352.23,PA
526,2022-01-14,694,49637.94,10.77,60,690.0,0.4891,Personal,Current,32093.91,NY
527,2021-06-11,980,11621.17,5.4,36,784.0,0.3941,Home Improvement,Current,39942.26,OH
528,2016-06-02,1722,22949.4,10.92,60,671.0,0.2775,Home Improvement,Delinquent,37279.73,GA
529,2018-12-20,498,28991.69,14.11,84,621.0,0.3261,Personal,Paid Off,47989.26,MD
530,2023-11-12,1055,34606.93,9.16,36,725.0,0.5292,Education,Current,117077.8,MI
531,2020-02-11,343,34039.24,8.4,60,712.0,0.4952,Home Improvement,Current,36185.34,AZ
532,2018-09-05,2133,54005.35,6.02,36,753.0,0.5422,Auto,Current,31097.31,Pennsylvania
533,2020-04-06,300,19748.84,16.24,84,624.0,0.3368,Home Improvement,Current,31479.69,PA
534,2018-11-02,633,245397.73,12.17,60,584.0,0.3837,Business,Current,37268.48,PA
535,2021-12-22,1675,28537.63,6.78,36,731.0,0.0915,Home Improvement,Current,32474.58,DE
536,2019-03-09,2021,349795.54,9.19,84,650.0,0.1214,Business,Current,36470.2,NY
537,2020-11-23,622,42961.45,11.37,36,652.0,0.2532,Auto,Current,261752.64,NJ
538,2023-02-24,1209,20092.1,14.81,60,582.0,0.4513,Auto,Current,550918.25,PA
539,2017-08-08,221,25665.78,12.08,60,691.0,0.3394,Home Improvement,Default,24651.02,DE
540,2018-07-09,1612,44402.96,13.35,84,611.0,0.3607,Home Improvement,Delinquent,512480.56,CA
541,2019-08-15,1915,52640.57,6.57,84,745.0,0.1236,Auto,Current,63630.01,PA
542,2017-11-17,2393,77051.08,6.54,60,846.0,0.2536,Education,Delinquent,33007.71,MI
543,2020-02-19,85,11028.35,12.29,84,679.0,0.1762,Personal,Current,26220.57,IL
544,2020-12-10,1746,40279.39,17.9,60,605.0,0.1005,Personal,Current,30624.07,NJ
545,2023-04-30,267,45693.94,12.03,120,569.0,0.2708,Auto,Current,49613.85,NY
546,2018-12-08,565,17039.93,12.25,60,650.0,0.1028,Home Improvement,Current,32510.39,GA
547,2017-12-14,291,15396.28,11.2,60,690.0,0.3672,Auto,Current,35812.69,PA
548,2016-10-01,2357,67397.93,5.39,60,757.0,0.1692,Education,Paid Off,28725.87,MN
549,2018-08-18,1174,59729.92,9.81,84,739.0,0.3986,Education,Current,463985.71,PA
550,2020-02-28,417,22288.1,12.6,60,611.0,0.1916,Auto,Current,421883.53,NJ
551,2016-10-09,473,437745.2,7.46,60,720.0,0.1821,Business,Paid Off,358824.24,NY
552,2017-03-05,790,28857.46,11.24,120,689.0,0.3482,Auto,Paid Off,26711.4,PA
553,2021-05-10,2078,17601.83,13.24,60,639.0,0.1942,Auto,Current,35846.56,NY
554,2023-06-25,2444,42250.34,19.78,84,619.0,0.3561,Home Improvement,Current,25343.58,DE
555,2021-02-10,2354,30098.28,6.74,84,708.0,0.1669,Education,Current,635103.12,CT
556,2020-08-19,1641,48595.25,12.91,60,666.0,0.0811,Home Improvement,Current,446743.27,CA
557,2017-10-11,2517,51705.62,10.21,60,666.0,0.3945,Auto,Current,26659.13,Florida
558,2018-09-04,1949,36621.29,5.75,84,793.0,0.191,Home Improvement,Current,36498.5,PA
559,2018-04-26,279,22822.51,9.56,60,708.0,0.3434,Home Improvement,Current,34592.97,MA
560,2020-04-02,1514,42727.57,7.62,60,708.0,0.2903,Auto,Current,40022.01,NY
561,2024-04-01,2336,13772.49,9.09,60,702.0,0.1597,Auto,Delinquent,346100.95,DE
562,2021-03-10,1610,49278.47,9.23,120,736.0,0.3878,Business,Current,42759.02,NC
563,2022-04-21,19,26900.82,7.74,84,747.0,0.5275,Auto,Current,325598.22,MD
564,2017-12-31,1269,19619.11,7.92,120,712.0,0.343,Auto,Current,29281.01,NY
565,2023-11-13,1314,23470.72,8.88,60,715.0,0.369,Home Improvement,Current,28141.59,IL
566,2019-01-09,680,36315.79,11.01,84,687.0,0.3283,Personal,Current,27771.43,PA
567,2021-07-19,965,26205.06,7.47,120,748.0,0.2132,Auto,Paid Off,498468.51,FL
568,2021-12-23,2483,23212.89,9.39,84,725.0,0.5214,Auto,Current,178498.6,MA
569,2020-06-17,737,57637.12,10.03,36,683.0,0.3243,Auto,Default,85697.02,NJ
570,2018-02-14,2305,21496.29,6.66,120,823.0,0.4338,Auto,Paid Off,28351.52,CA
571,2021-01-31,2511,62961.93,6.69,120,713.0,0.2737,Home Improvement,Paid Off,452566.32,PA
572,2025-02-08,220,488979.59,16.81,36,610.0,0.2928,Business,Current,30951.74,PA
573,2023-06-01,655,404138.51,12.45,120,682.0,0.27,Business,Paid Off,585769.03,CO
574,2019-05-15,1693,67665.8,5.38,120,808.0,0.4314,Home Improvement,Current,42777.72,OH
575,2021-03-06,304,322259.58,16.89,120,605.0,0.2083,Business,Paid Off,361259.36,NY
576,2020-08-08,1787,30060.82,13.22,84,692.0,0.4764,Personal,Current,33540.79,PA
577,2019-03-22,1279,24857.3,13.7,84,585.0,0.1435,Auto,Delinquent,26210.31,OH
578,2016-11-10,904,15487.47,6.55,60,703.0,0.0837,Home Improvement,Current,34350.27,Pennsylvania
579,2022-07-28,2125,56589.35,9.89,84,743.0,0.1893,Home Improvement,Current,51741.84,CA
580,2022-06-01,345,463500.78,16.57,36,621.0,0.3209,Business,Current,34613.15,GA
581,2018-07-30,663,34081.4,16.44,84,627.0,0.1236,Home Improvement,Current,33473.11,MA
582,2018-07-24,930,26588.92,20.12,36,619.0,0.2182,Auto,Current,515847.14,NY
583,2018-01-30,2333,76800.89,6.57,36,770.0,0.4291,Education,Current,437561.52,CO
584,2020-09-10,1793,25892.36,5.15,84,791.0,0.2702,Education,Current,170474.27,NJ
585,2020-03-02,2449,41762.88,16.81,36,601.0,0.2173,Home Improvement,Paid Off,505234.93,DE
586,2021-05-17,1777,39844.05,11.9,60,672.0,0.2107,Business,Paid Off,181910.76,PA
587,2017-12-12,1085,388312.68,15.84,120,627.0,0.4221,Business,Current,200841.61,NY
588,2022-01-31,1166,89463.42,6.89,60,783.0,0.2741,Business,Paid Off,37971.53,OH
589,2021-07-16,1264,113576.57,9.53,84,727.0,0.2092,Business,Paid Off,479509.74,NY
590,2018-01-04,193,42569.65,15.02,60,595.0,0.0941,Personal,Current,378939.24,PA
591,2016-06-24,175,29618.12,13.4,36,682.0,0.2977,Auto,Current,556799.97,FL
592,2017-02-26,808,23980.65,9.69,36,686.0,0.3426,Education,Current,110343.58,NC
593,2017-11-28,2334,30997.62,13.21,84,619.0,0.4403,Auto,Paid Off,37801.27,NY
594,2017-01-12,1500,36968.99,8.2,84,715.0,0.4395,Home Improvement,Current,37826.11,MD
595,2024-04-02,1955,49889.0,5.3,60,828.0,0.438,Personal,Paid Off,31727.45,MA
596,2019-09-20,857,91688.68,17.97,60,580.0,0.3617,Business,Current,520600.94,MI
597,2021-06-30,129,16080.83,15.08,84,610.0,0.284,Home Improvement,Current,30399.15,MA
598,2021-09-03,341,35158.75,8.96,60,707.0,0.1926,Education,Current,37740.03,VA
599,2023-07-28,1726,32732.64,11.79,36,698.0,0.3591,Auto,Paid Off,374565.13,PA
600,2017-12-17,1051,58092.78,11.07,60,692.0,0.3861,Auto,Current,587652.46,AZ
601,2021-12-07,1037,60339.93,6.83,84,709.0,0.3236,Home Improvement,Paid Off,454511.83,NY
602,2023-02-17,308,387185.83,9.2,36,678.0,0.4011,Business,Current,24213.97,VA
603,2021-09-20,384,46852.51,12.96,120,586.0,0.3383,Auto,Paid Off,44855.88,TX
604,2021-07-31,1309,63273.54,15.89,36,594.0,0.2885,Home Improvement,Current,37492.69,PA
605,2020-11-06,2339,14351.75,17.48,84,631.0,0.4817,Personal,Default,33984.02,WA
606,2016-08-19,788,13278.19,19.62,84,621.0,0.2081,Auto,Current,27175.6,PA
607,2018-02-02,178,62728.02,16.35,36,507.0,0.3462,Home Improvement,Paid Off,61064.79,FL
608,2017-07-10,427,3379.87,6.96,84,705.0,0.2262,Personal,Current,149587.77,NY
609,2024-01-15,1781,147330.82,11.78,36,693.0,0.3274,Business,Current,34963.26,CT
610,2019-05-22,2331,7689.36,5.55,36,756.0,0.392,Personal,Paid Off,190372.15,MD
611,2022-06-10,2426,78299.48,11.57,120,694.0,0.2238,Home Improvement,Current,38360.1,MN
612,2023-06-16,2242,33440.13,12.42,120,570.0,0.5264,Personal,Default,37977.41,PA
613,2017-06-28,185,37457.85,13.17,60,,0.2605,Home Improvement,Delinquent,262642.54,NJ
614,2024-03-30,1808,31704.91,13.39,84,600.0,0.3666,Business,Current,37883.06,MD
615,2017-12-31,2041,31828.94,18.51,36,591.0,0.5419,Personal,Current,492419.03,GA
616,2020-07-11,1978,53125.11,10.59,36,650.0,0.3474,Business,Current,503296.97,NJ
617,2017-07-14,2181,37693.04,7.33,84,728.0,0.4105,Auto,Current,216796.59,VA
618,2022-12-16,1038,12359.49,18.35,36,583.0,0.1972,Auto,Default,42387.99,GA
619,2017-12-20,803,420322.59,20.73,84,633.0,0.4609,Business,Paid Off,177803.39,MA
620,2018-12-16,652,139237.0,16.05,84,538.0,0.2352,Business,Paid Off,300249.93,FL
621,2021-06-24,490,39924.78,6.51,36,740.0,0.2855,Personal,Paid Off,30629.47,AZ
622,2021-04-13,2376,20213.31,14.42,60,609.0,0.2261,Auto,Current,28339.42,AZ
623,2024-03-31,987,318771.57,6.44,36,781.0,0.1478,Business,Paid Off,36051.38,DE
624,2022-09-18,2278,25473.41,9.89,84,693.0,0.3691,Auto,Current,47635.69,NY
625,2019-04-14,1928,15162.76,5.93,84,847.0,0.0848,Home Improvement,Paid Off,44601.46,GA
626,2018-04-02,1691,62131.21,10.53,120,675.0,0.1517,Home Improvement,Paid Off,34676.07,CT
627,2021-02-09,1524,75871.74,13.45,60,512.0,0.2581,Home Improvement,Paid Off,198135.14,PA
628,2016-06-23,1092,24159.76,13.09,84,699.0,0.4531,Auto,Current,41472.35,TX
629,2022-08-10,119,12274.03,5.53,36,751.0,0.4367,Home Improvement,Current,35834.29,OH
630,2021-01-18,2191,33095.11,20.68,60,633.0,0.478,Home Improvement,Paid Off,131091.58,PA
631,2017-05-03,282,40008.35,17.68,60,585.0,0.5212,Auto,Delinquent,30196.64,DE
632,2017-08-29,2208,51312.11,15.35,60,606.0,0.4584,Home Improvement,Default,47209.2,NC
633,2019-06-09,2371,19998.71,14.9,84,613.0,0.2061,Home Improvement,Current,28275.69,VA
634,2021-11-20,2284,414922.27,6.94,60,729.0,0.5289,Business,Delinquent,36334.7,NY
635,2020-06-27,912,55547.74,5.79,84,759.0,0.2626,Auto,Current,24975.87,NJ
636,2021-10-12,1362,35787.14,9.95,84,677.0,0.2766,Personal,Paid Off,43747.85,FL
637,2020-07-08,1152,39314.11,17.44,60,625.0,0.5481,Home Improvement,Delinquent,32758.17,MD
638,2021-03-29,367,19833.33,15.99,36,593.0,0.3241,Auto,Paid Off,27010.44,Pennsylvania
639,2015-10-01,2073,81363.76,7.49,120,709.0,0.5306,Education,Delinquent,27819.92,NY
640,2019-08-25,556,47486.86,13.48,36,646.0,0.1372,Personal,Default,44470.21,PA
641,2017-06-17,1282,57517.95,6.57,36,745.0,0.5436,Auto,Current,309327.87,NJ
642,2018-02-26,1996,12335.03,12.54,60,652.0,0.1656,Personal,Current,38593.01,MD
643,2018-12-20,787,64715.12,5.5,36,839.0,0.1454,Home Improvement,Paid Off,35344.46,NY
644,2023-05-30,1540,67944.93,7.31,60,804.0,0.4473,Home Improvement,Paid Off,62978.64,PA
645,2017-03-24,204,47171.1,7.56,60,726.0,0.1486,Home Improvement,Paid Off,31720.1,PA
646,2024-11-14,2347,36914.78,19.73,120,582.0,0.3925,Auto,Current,72473.68,CA
647,2025-09-23,121,479703.12,20.95,84,580.0,0.3855,Business,Default,39825.19,TX
648,2023-10-03,284,171573.82,13.33,36,695.0,0.5381,Business,Paid Off,58228.72,CA
649,2016-12-12,576,34090.94,13.12,60,689.0,0.3834,Home Improvement,Current,61662.02,NY
650,2020-03-31,1339,46916.48,14.69,120,632.0,0.2052,Personal,Paid Off,568654.81,NY
651,2018-11-06,1564,42193.68,9.34,120,736.0,0.3433,Auto,Current,37422.4,MN
652,2020-08-05,276,55514.9,19.44,60,623.0,0.1446,Home Improvement,Paid Off,315847.26,FL
653,2022-07-12,1024,4744.85,6.25,60,777.0,0.5046,Personal,Current,32626.65,GA
654,2017-11-29,892,35850.81,9.71,60,666.0,0.1865,Home Improvement,Current,53578.32,MI
655,2016-05-14,361,41163.69,13.17,36,567.0,0.1777,Personal,Current,45887.15,TX
656,2021-04-17,874,215350.48,17.41,36,622.0,0.3084,Business,Current,30177.62,VA
657,2016-10-09,810,35638.74,11.34,84,,0.3423,Home Improvement,Delinquent,30691.55,NY
658,2023-12-18,950,70131.47,16.91,84,502.0,0.2068,Home Improvement,Current,37929.15,NY
659,2015-11-09,630,20132.69,18.24,84,640.0,0.5412,Home Improvement,Paid Off,181643.41,NY
660,2025-03-05,1585,21691.9,13.6,120,601.0,0.3975,Education,Current,302474.46,PA
661,2021-06-10,841,36672.89,8.79,60,715.0,0.1102,Personal,Delinquent,94065.23,FL
662,2022-12-19,287,75856.81,9.83,60,736.0,0.3219,Business,Paid Off,109873.08,PA
663,2022-03-14,1770,21278.29,9.89,36,720.0,0.3112,Auto,Current,37988.15,IL
664,2022-10-01,2003,42996.65,20.23,36,640.0,0.2214,Home Improvement,Default,438361.55,VA
665,2019-07-04,941,389376.61,6.68,84,755.0,0.4951,Business,Current,32540.53,PA
666,2022-07-09,424,40909.44,10.06,36,699.0,0.3248,Home Improvement,Current,178609.87,PA
667,2019-05-10,1858,42659.08,20.32,36,594.0,0.2336,Home Improvement,Paid Off,351168.93,GA
668,2017-01-04,1294,39531.68,15.91,36,638.0,0.3157,Auto,Current,32909.2,NY
669,2023-02-26,1630,14474.64,6.87,36,839.0,0.1042,Home Improvement,Current,26095.08,PA
670,2015-12-23,1450,60283.49,16.32,36,608.0,0.2048,Home Improvement,Delinquent,24130.57,PA
671,2022-08-06,66,16054.62,12.97,84,686.0,0.235,Personal,Current,35603.44,MA
672,2018-01-06,1690,3165.58,14.32,36,593.0,0.3545,Personal,Current,46682.46,VA
673,2025-04-07,1531,22832.35,5.07,36,829.0,0.4026,Auto,Current,36215.72,NC
674,2015-12-08,913,21455.56,14.75,36,587.0,0.5093,Auto,Current,38440.79,NY
675,2023-06-26,765,54555.61,8.7,36,711.0,0.233,Auto,Current,206061.34,CT
676,2022-07-09,231,27024.19,15.08,60,608.0,0.4445,Personal,Default,421595.12,TX
677,2019-08-08,2272,72188.56,7.57,60,700.0,0.3914,Education,Current,37767.14,PA
678,2019-07-11,756,55282.77,20.07,36,619.0,0.3863,Home Improvement,Default,44916.7,PA
679,2021-09-22,2188,20934.04,6.06,84,753.0,0.3931,Auto,Paid Off,55109.0,WA
680,2019-08-17,942,53912.49,4.99,120,771.0,0.4517,Auto,Current,26969.4,CO
681,2021-09-15,1357,27370.63,7.42,36,756.0,0.2548,Auto,Paid Off,498914.12,AZ
682,2019-08-26,2323,74074.61,10.69,60,677.0,0.4565,Home Improvement,Current,236578.06,NY
683,2022-04-12,1175,13032.86,11.14,60,655.0,0.3161,Education,Current,499124.71,MD
684,2023-03-28,1106,9983.01,5.51,36,818.0,0.344,Auto,Current,118999.64,CA
685,2018-03-31,375,55722.18,5.72,60,784.0,0.081,Home Improvement,Paid Off,120946.49,CA
686,2021-03-12,802,20974.82,8.99,60,703.0,0.4967,Home Improvement,Current,26617.46,NJ
687,2020-04-24,2121,59028.76,7.58,84,705.0,0.2385,Auto,Current,507410.93,CT
688,2024-04-03,1965,25222.83,13.02,36,695.0,0.4794,Personal,Paid Off,42254.71,NJ
689,2024-11-18,298,81383.61,19.8,36,648.0,0.1419,Business,Current,113121.63,NY
690,2023-02-27,599,41410.87,17.83,60,525.0,0.2659,Auto,Default,611563.5,IL
691,2024-12-16,2510,17393.28,9.42,84,704.0,0.4318,Personal,Current,30842.11,PA
692,2015-05-24,100,218800.11,17.52,120,623.0,0.3863,Business,Paid Off,29167.08,FL
693,2018-01-11,1473,34799.36,17.14,36,638.0,0.2027,Personal,Paid Off,597518.8,OH
694,2019-03-26,901,79478.84,18.87,36,590.0,0.2001,Business,Current,39612.3,PA
695,2017-07-15,1273,57120.26,5.18,84,834.0,0.3628,Home Improvement,Current,32855.06,NY
696,2019-05-24,530,24449.57,13.18,36,687.0,0.181,Personal,Current,26759.72,PA
697,2025-01-16,1272,18855.49,11.91,60,651.0,0.2747,Home Improvement,Current,24242.11,PA
698,2022-03-01,1099,45356.0,17.77,60,607.0,0.1854,Personal,Current,442586.28,PA
699,2019-09-29,1243,77196.12,6.94,84,721.0,0.2994,Home Improvement,Paid Off,42572.27,CO
700,2023-03-17,637,81845.3,16.24,36,603.0,0.2528,Education,Current,182359.3,NY
701,2022-04-23,2219,55304.5,19.78,60,616.0,0.1305,Auto,Current,28670.96,TX
702,2021-09-01,186,12254.21,20.65,36,583.0,0.5322,Personal,Delinquent,568161.06,NC
703,2020-11-22,1428,16409.63,11.82,84,673.0,0.2469,Auto,Paid Off,26852.89,PA
704,2018-09-12,1001,13800.22,12.24,120,670.0,0.4949,Auto,Current,438207.26,NY
705,2020-09-19,1411,22513.31,17.11,84,639.0,0.4558,Personal,Current,33110.33,NJ
706,2023-02-04,974,350521.46,12.09,60,644.0,0.1635,Business,Current,29539.21,PA
707,2021-03-11,1827,15836.69,9.3,120,684.0,0.1089,Home Improvement,Current,324032.87,DE
708,2020-10-15,512,10785.91,8.95,120,723.0,0.1509,Auto,Current,109707.35,CA
709,2018-04-07,1873,34177.83,5.95,84,763.0,0.5409,Auto,Current,34005.72,CT
710,2020-06-06,1868,26715.86,16.3,84,645.0,0.3197,Education,Default,103001.54,PA
711,2020-03-04,1548,53298.72,4.88,36,795.0,0.2882,Home Improvement,Current,50990.98,CA
712,2020-12-18,2104,99447.18,19.91,60,629.0,0.2943,Business,Current,37466.55,PA
713,2022-08-23,608,38872.6,15.65,36,614.0,0.1269,Auto,Current,47678.95,DE
714,2021-03-24,2306,13816.91,18.25,84,607.0,0.2533,Personal,Current,24383.66,PA
715,2020-02-05,868,37494.41,20.72,84,630.0,0.1038,Auto,Delinquent,601315.21,NY
716,2024-07-12,152,15286.12,19.5,120,603.0,0.2331,Home Improvement,Current,34153.07,DE
717,2024-10-23,1600,17468.62,6.94,36,700.0,0.3768,Personal,Current,45020.28,PA
718,2019-01-08,1290,12455.9,14.36,36,605.0,0.1236,Personal,Delinquent,36149.84,NY
719,2018-10-19,1296,24104.45,13.38,60,595.0,0.5364,Personal,Current,26972.05,WA
720,2016-07-01,2130,39344.67,6.62,84,730.0,0.2434,Personal,Current,24816.53,PA
721,2021-07-29,2298,13923.23,7.94,60,729.0,0.5237,Auto,Paid Off,536442.5,PA
722,2021-10-06,24,7555.98,17.4,60,601.0,0.0902,Education,Current,36407.88,NJ
723,2021-01-13,159,15119.27,6.69,120,729.0,0.24,Auto,Current,423183.16,MD
724,2018-04-14,332,269076.27,18.84,36,577.0,0.2558,Business,Delinquent,38980.82,NY
725,2022-12-18,1035,239329.92,12.23,84,677.0,0.1276,Business,Current,28410.87,PA
726,2019-11-20,2412,8050.9,14.42,84,570.0,0.1852,Auto,Current,472231.83,NJ
727,2021-07-06,1764,41460.4,12.74,36,670.0,0.4932,Auto,Current,36493.37,WA
728,2016-11-25,2033,34238.0,13.39,120,696.0,0.3372,Home Improvement,Current,120070.71,TX
729,2024-01-08,2475,51639.98,20.21,36,646.0,0.1033,Home Improvement,Paid Off,24754.46,PA
730,2022-07-29,2088,40175.02,12.23,120,,0.1212,Auto,Delinquent,536049.36,OH
731,2024-10-20,643,45907.77,13.33,60,585.0,0.2037,Auto,Current,31586.7,CT
732,2021-02-23,1727,27404.33,14.18,60,560.0,0.1681,Auto,Delinquent,28660.56,MN
733,2017-06-23,312,18217.83,20.5,36,582.0,0.1672,Auto,Current,29988.58,OH
734,2021-03-05,352,14206.19,9.51,60,679.0,0.1673,Personal,Current,511573.42,IL
735,2019-07-22,549,17254.21,5.88,60,833.0,0.3444,Personal,Current,256288.24,VA
736,2025-02-19,2320,10724.66,9.37,60,725.0,0.488,Home Improvement,Paid Off,59458.2,OH
737,2018-07-22,1560,59385.97,7.89,84,736.0,0.3036,Auto,Paid Off,497744.52,TX
738,2020-03-15,1160,10411.49,9.69,60,735.0,0.279,Home Improvement,Current,260014.73,California
739,2021-07-07,307,64327.96,5.28,84,750.0,0.4138,Home Improvement,Current,44380.49,PA
740,2024-05-27,288,20109.62,7.38,60,782.0,0.1763,Personal,Current,24073.11,PA
741,2019-07-03,695,66484.16,5.48,60,813.0,0.4815,Home Improvement,Paid Off,38516.33,NJ
742,2019-12-01,1559,20689.86,6.21,84,756.0,0.3957,Auto,Current,33506.74,Florida
743,2019-12-09,631,33707.1,12.55,60,691.0,0.4052,Auto,Paid Off,34250.03,NJ
744,2022-01-06,2061,39871.73,12.95,120,662.0,0.1024,Auto,Paid Off,39409.53,NJ
745,2017-08-16,1862,44578.61,11.85,60,687.0,0.2112,Personal,Current,26381.54,PA
746,2018-10-21,2443,75753.73,16.7,36,609.0,0.1774,Education,Current,430989.75,TX
747,2022-11-18,1436,172097.33,4.88,84,824.0,0.3375,Business,Delinquent,478128.97,DE
748,2021-08-23,1477,34235.41,17.49,84,618.0,0.0807,Home Improvement,Current,46855.88,TX
749,2019-12-19,791,4653.93,5.17,36,757.0,0.0991,Personal,Current,31940.66,NY
750,2024-03-30,1633,30533.38,9.93,60,729.0,0.5414,Personal,Current,194939.85,VA
751,2023-12-19,1508,45209.92,17.5,84,589.0,0.4562,Home Improvement,Paid Off,125335.96,CA
752,2024-07-28,1611,239979.82,20.87,84,581.0,0.3693,Business,Current,43126.67,PA
753,2017-12-07,1656,213385.39,7.46,120,741.0,0.1164,Business,Current,30407.6,IL
754,2016-04-13,1562,20362.46,19.21,60,582.0,0.467,Auto,Paid Off,39844.38,PA
755,2017-09-01,1187,395077.92,7.07,36,707.0,0.1003,Business,Current,35891.35,VA
756,2021-09-07,14,154295.29,8.51,84,705.0,0.2509,Business,Current,440932.2,PA
757,2021-06-21,1394,31020.18,11.87,120,673.0,0.1396,Personal,Current,541391.36,NC
758,2023-01-30,1449,36503.68,19.51,84,591.0,0.1183,Personal,Current,36754.15,TX
759,2020-10-19,515,18697.2,20.67,84,604.0,0.2056,Auto,Current,37459.49,CO
760,2020-11-11,410,21588.17,11.91,60,663.0,0.2958,Personal,Current,37696.55,NJ
761,2020-10-09,2477,35109.14,7.63,120,713.0,0.4741,Personal,Delinquent,435688.36,OH
762,2016-06-20,314,347724.5,10.88,84,678.0,0.4459,Business,Paid Off,30718.89,FL
763,2023-04-10,1921,33271.76,15.74,120,646.0,0.5116,Education,Delinquent,452922.92,CA
764,2018-03-26,880,5302.76,18.24,120,620.0,0.3528,Personal,Current,41477.66,CA
765,2019-06-23,1903,36127.2,12.54,120,652.0,0.4403,Personal,Current,33480.11,PA
766,2019-06-12,1925,20233.7,19.18,84,607.0,0.2501,Home Improvement,Current,35239.81,DE
767,2022-09-27,1287,399683.65,9.37,60,669.0,0.3613,Business,Paid Off,489411.99,NJ
768,2025-01-27,383,36168.58,15.18,60,608.0,0.2369,Auto,Current,30193.04,CA
769,2017-02-06,1129,13005.43,9.52,84,717.0,0.1424,Auto,Delinquent,42593.17,IL
770,2023-01-12,1668,15286.19,4.56,36,776.0,0.0889,Home Improvement,Current,579403.48,NY
771,2018-11-08,773,20666.52,13.52,60,615.0,0.1647,Auto,Current,409016.45,MA
772,2020-05-02,2404,57198.75,10.94,60,653.0,0.3697,Education,Current,403373.86,CT
773,2021-03-16,2391,87777.17,20.21,36,569.0,0.2817,Business,Current,72569.63,MA
774,2024-03-14,1074,16971.2,12.34,60,654.0,0.53,Auto,Current,570505.96,NJ
775,2019-01-27,264,4326.47,16.18,60,644.0,0.4568,Personal,Delinquent,409514.76,Illinois
776,2018-04-11,946,62523.98,12.51,120,688.0,0.1813,Home Improvement,Paid Off,26886.55,CO
777,2023-02-19,2182,13206.69,15.62,120,608.0,0.5047,Auto,Paid Off,34079.61,PA
778,2015-04-13,1033,27119.7,12.1,120,503.0,0.3168,Home Improvement,Default,41058.69,PA
779,2021-08-29,416,27515.44,9.02,60,722.0,0.1711,Auto,Current,49114.6,FL
780,2018-03-06,991,13228.6,13.29,84,618.0,0.2267,Auto,Current,38913.4,DE
781,2020-12-18,359,31735.31,17.06,120,593.0,0.4877,Home Improvement,Current,38672.12,NJ
782,2022-04-26,1208,15742.66,11.59,36,688.0,0.3749,Auto,Current,30242.81,OH
783,2022-03-14,2156,16897.8,6.61,84,756.0,0.3052,Home Improvement,Current,25580.33,NJ
784,2017-10-13,9,27700.03,8.73,36,739.0,0.5015,Personal,Current,394543.49,VA
785,2016-09-01,2189,36439.06,8.01,60,723.0,0.4182,Auto,Current,162371.92,OH
786,2020-03-21,317,39357.89,9.45,36,720.0,0.138,Education,Current,270638.35,TX
787,2016-01-29,305,137121.81,15.66,36,638.0,0.0989,Business,Paid Off,108681.69,CO
788,2019-07-12,428,3513.26,19.78,84,591.0,0.1161,Personal,Paid Off,496583.79,AZ
789,2020-10-21,106,48512.13,17.8,60,617.0,0.3598,Home Improvement,Default,39345.95,NJ
790,2019-10-15,1534,118568.76,14.71,36,605.0,0.152,Business,Current,45429.96,NY
791,2022-08-24,122,61184.29,11.03,36,674.0,0.498,Home Improvement,Delinquent,37051.33,CA
792,2020-06-24,1888,71703.87,11.2,60,689.0,0.1458,Home Improvement,Current,47941.44,FL
793,2023-11-13,1595,42950.16,7.03,120,816.0,0.2687,Auto,Delinquent,243902.22,MI
794,2018-03-26,2013,35194.54,18.35,60,640.0,0.3562,Auto,Current,32233.46,CA
795,2018-11-05,1358,45630.57,5.45,36,813.0,0.2151,Auto,Current,56684.79,FL
796,2017-09-27,1855,327658.08,11.96,60,679.0,0.4577,Business,Current,586552.45,PA
797,2025-04-03,1267,26115.04,9.24,36,654.0,0.1745,Education,Paid Off,43004.03,PA
798,2018-02-17,116,42372.61,9.72,36,731.0,0.2962,Personal,Current,553825.72,FL
799,2020-08-15,1455,20353.07,13.58,36,642.0,0.2128,Auto,Current,348805.98,MD
800,2017-10-05,745,49573.82,5.25,36,779.0,0.2901,Home Improvement,Current,53436.37,VA
801,2017-04-10,1601,34043.09,10.8,84,665.0,0.5342,Personal,Delinquent,326551.62,CA
802,2017-05-29,2358,6125.78,5.98,60,804.0,0.1528,Personal,Current,38577.95,NJ
803,2020-10-14,966,75688.81,4.93,60,779.0,0.2132,Home Improvement,Paid Off,33061.06,GA
804,2017-03-22,1284,50493.99,8.97,60,719.0,0.1189,Education,Delinquent,646244.97,PA
805,2020-11-20,673,141628.18,4.68,60,750.0,0.1393,Business,Current,241004.67,NY
806,2017-05-20,2330,20258.03,15.9,84,591.0,0.2125,Personal,Current,487985.6,AZ
807,2023-09-06,2321,2606.26,20.55,84,603.0,0.4559,Personal,Current,570045.21,MA
808,2024-05-29,1685,46952.48,19.3,60,500.0,0.1644,Auto,Default,98632.83,PA
809,2021-04-07,310,51475.77,10.2,84,663.0,0.2797,Home Improvement,Current,269222.55,MA
810,2021-11-12,592,170471.86,11.57,84,682.0,0.2452,Business,Current,37636.16,IL
811,2018-06-13,463,33276.78,17.6,36,610.0,0.4823,Auto,Delinquent,396801.63,MA
812,2024-07-29,2291,43749.99,10.38,60,677.0,0.1625,Home Improvement,Current,31802.12,MN
813,2020-10-26,1507,4216.3,14.08,84,615.0,0.1746,Personal,Current,30408.66,FL
814,2022-07-10,1289,35989.01,8.51,84,707.0,0.1206,Business,Current,186237.58,DE
815,2024-01-10,1934,14728.88,11.64,60,687.0,0.2745,Auto,Current,30256.32,FL
816,2017-10-16,553,21362.92,14.49,36,646.0,0.2472,Auto,Current,226097.42,PA
817,2021-03-02,88,36429.03,12.84,120,699.0,0.3198,Personal,Current,34008.31,PA
818,2017-08-20,691,395758.08,6.72,60,845.0,0.2767,Business,Current,341673.35,MA
819,2017-11-14,1738,58259.23,8.85,60,709.0,0.1484,Auto,Current,59268.76,PA
820,2019-10-04,1969,73932.73,12.89,84,688.0,0.2932,Home Improvement,Paid Off,38625.25,FL
821,2019-06-24,2437,241957.21,19.12,84,611.0,0.2359,Business,Paid Off,27417.87,WA
822,2016-04-30,1660,22817.68,8.91,60,720.0,0.1504,Personal,Paid Off,44534.82,CA
823,2018-09-08,1196,21987.7,13.57,60,560.0,0.2947,Auto,Delinquent,37032.41,PA
824,2021-12-06,801,39692.47,16.22,60,643.0,0.1453,Education,Current,32166.95,PA
825,2020-02-01,2084,49302.41,12.12,60,666.0,0.1054,Auto,Paid Off,536113.88,CO
826,2021-02-15,301,402366.53,10.5,120,662.0,0.1937,Business,Current,30855.77,New York
827,2020-02-20,2244,68772.73,9.89,36,694.0,0.3757,Education,Paid Off,32689.53,VA
828,2024-02-22,544,68656.49,12.72,84,697.0,0.3023,Home Improvement,Current,26859.21,PA
829,2021-06-04,1809,32444.87,9.39,120,719.0,0.107,Home Improvement,Current,31033.74,OH
830,2020-12-27,2239,17375.77,9.44,120,678.0,0.2937,Auto,Current,527990.16,DE
831,2017-12-19,495,42114.45,13.99,84,589.0,0.2276,Home Improvement,Default,420017.1,NJ
832,2018-10-02,366,35512.49,6.57,120,737.0,0.0836,Auto,Current,33681.02,OH
833,2017-10-01,2281,15664.89,8.18,120,706.0,0.498,Home Improvement,Current,597496.42,PA
834,2018-06-24,1593,7286.2,10.25,60,664.0,0.2474,Personal,Paid Off,27052.37,PA
835,2020-11-02,274,48616.2,10.12,36,692.0,0.4317,Auto,Current,38483.34,FL
836,2020-10-23,789,38166.79,13.04,84,697.0,0.4757,Personal,Paid Off,183033.19,FL
837,2017-06-15,72,53555.1,8.88,60,709.0,0.402,Home Improvement,Current,59215.59,WA
838,2019-07-22,2134,65898.33,9.23,60,655.0,0.2852,Home Improvement,Current,33474.57,NJ
839,2019-07-11,1861,16588.75,13.44,120,675.0,0.3091,Personal,Current,188900.84,PA
840,2016-08-15,64,14458.0,15.81,60,597.0,0.2803,Personal,Default,547383.13,PA
841,2016-05-16,395,197600.1,4.8,60,752.0,0.0813,Business,Current,289542.66,VA
842,2023-12-13,2282,31064.38,7.13,60,707.0,0.2973,Personal,Current,75046.58,Pennsylvania
843,2023-01-09,344,8804.87,14.64,60,644.0,0.1157,Personal,Current,261304.57,DE
844,2018-04-11,1414,28562.25,16.28,84,592.0,0.1134,Auto,Current,632594.97,OH
845,2018-12-24,1420,33690.21,5.26,36,807.0,0.1636,Home Improvement,Paid Off,175781.15,PA
846,2017-12-15,501,41489.72,17.7,36,626.0,0.408,Personal,Current,29783.34,TX
847,2018-07-26,1718,52002.79,16.85,36,646.0,0.1229,Home Improvement,Paid Off,25437.0,CO
848,2019-02-12,977,31583.02,13.72,60,599.0,0.26,Auto,Current,352293.86,CO
849,2023-06-23,678,33922.85,6.96,36,816.0,0.4887,Auto,Current,26705.71,DE
850,2016-11-29,1058,13343.71,13.42,60,591.0,0.3614,Personal,Paid Off,26230.23,CA
851,2023-10-23,1937,236919.93,10.09,60,698.0,0.4608,Business,Paid Off,26299.34,NJ
852,2016-08-19,2124,350068.78,5.54,60,761.0,0.5368,Business,Paid Off,53275.46,CT
853,2017-10-16,1570,80256.28,7.63,60,709.0,0.2515,Business,Current,39894.94,MD
854,2019-09-19,273,76748.63,4.72,84,818.0,0.454,Education,Paid Off,27243.74,NJ
855,2021-06-01,1171,45071.81,6.67,60,724.0,0.3499,Home Improvement,Current,37922.71,PA
856,2024-08-08,206,29594.23,14.24,84,619.0,0.1879,Auto,Paid Off,460591.48,WA
857,2022-04-18,734,15351.05,9.23,120,,0.4072,Auto,Current,56640.82,MN
858,2024-06-19,153,227187.1,9.43,60,654.0,0.1887,Business,Paid Off,318675.9,Pennsylvania
859,2018-07-27,890,38402.02,6.6,60,735.0,0.3759,Auto,Current,34286.0,NY
860,2019-09-28,558,21238.02,18.38,60,597.0,0.2542,Personal,Paid Off,407852.94,New Jersey
861,2024-05-19,378,88874.21,5.6,36,814.0,0.329,Business,Current,193263.04,TX
862,2024-01-15,1457,215819.38,10.6,36,651.0,0.425,Business,Default,385239.86,AZ
863,2021-06-18,536,41800.69,16.81,36,634.0,0.4094,Personal,Current,532345.71,MA
864,2017-10-20,1232,463741.64,11.24,60,698.0,0.5351,Business,Current,344215.08,MA
865,2024-07-10,1042,40843.35,19.24,60,639.0,0.4893,Home Improvement,Paid Off,34155.24,PA
866,2016-07-10,1134,19375.45,7.37,36,756.0,0.2767,Auto,Current,116973.64,MA
867,2020-02-04,199,3212.45,14.4,60,589.0,0.3023,Personal,Paid Off,25832.9,VA
868,2015-11-11,562,19445.91,9.99,60,725.0,0.1064,Personal,Current,49792.31,CA
869,2022-11-29,686,123549.78,6.68,36,736.0,0.2879,Business,Current,49461.2,DE
870,2023-04-26,1248,13119.17,13.37,60,636.0,0.2195,Auto,Current,26809.47,MI
871,2018-08-18,591,56724.71,20.06,60,593.0,0.1483,Education,Paid Off,120704.36,NJ
872,2020-02-10,520,52307.77,9.36,60,726.0,0.1309,Auto,Current,26743.99,CA
873,2021-04-09,309,24935.71,8.86,36,738.0,0.3282,Personal,Paid Off,44176.98,FL
874,2021-11-14,605,22897.77,20.52,84,632.0,0.0951,Auto,Paid Off,297965.87,PA
875,2022-12-04,2177,49652.14,15.54,60,587.0,0.2076,Personal,Current,150774.29,MA
876,2020-11-18,933,9961.92,6.75,36,708.0,0.2661,Personal,Paid Off,27673.27,NY
877,2016-06-26,60,8709.91,17.34,60,639.0,0.2046,Personal,Delinquent,565771.66,NJ
878,2019-03-15,584,43744.31,13.41,60,595.0,0.4324,Auto,Paid Off,49108.09,TX
879,2020-11-14,908,46526.21,12.66,84,672.0,0.4485,Personal,Paid Off,150989.67,NJ
880,2021-07-17,208,63299.74,12.85,84,678.0,0.3752,Home Improvement,Paid Off,447271.87,NY
881,2023-06-23,492,30208.28,4.89,84,787.0,0.4015,Home Improvement,Paid Off,36044.23,DE
882,2020-05-24,1628,27800.6,5.2,120,843.0,0.4274,Auto,Paid Off,34338.87,NJ
883,2022-02-27,786,11580.07,9.3,36,716.0,0.3496,Auto,Current,367001.97,Florida
884,2020-11-10,2419,30798.36,9.16,60,662.0,0.1471,Home Improvement,Current,24085.55,NY
885,2023-07-24,2452,42143.32,16.38,36,638.0,0.0962,Education,Current,37247.96,PA
886,2024-06-29,793,27825.69,16.65,60,641.0,0.1123,Auto,Current,355949.69,FL
887,2023-06-27,832,33700.43,17.28,120,595.0,0.4442,Auto,Paid Off,51946.91,NC
888,2022-05-11,163,18649.26,19.6,120,635.0,0.5058,Auto,Paid Off,55298.36,TX
889,2024-05-05,1345,25288.86,19.4,120,592.0,0.2318,Home Improvement,Current,38996.7,OH
890,2024-01-02,527,33201.4,9.06,36,704.0,0.2232,Education,Current,87235.75,NC
891,2021-09-26,931,57598.37,7.16,60,801.0,0.3171,Home Improvement,Paid Off,109513.49,NJ
892,2022-09-25,257,15013.29,13.07,36,658.0,0.4462,Home Improvement,Current,38392.27,IL
893,2021-11-09,507,41995.52,15.14,84,638.0,0.1263,Home Improvement,Current,253824.56,NY
894,2020-02-06,2008,39398.49,18.69,36,567.0,0.3652,Personal,Paid Off,588935.18,NY
895,2021-05-08,2145,43578.29,12.28,60,682.0,0.1695,Auto,Paid Off,48272.57,CT
896,2022-09-30,2251,22188.11,5.43,60,767.0,0.2639,Home Improvement,Current,36749.04,PA
897,2019-05-22,2187,42889.0,13.32,84,693.0,0.2516,Auto,Current,358486.18,NC
898,2022-10-13,1592,40586.36,13.19,60,655.0,0.1965,Education,Default,27857.68,TX
899,2018-10-01,1939,30686.51,13.38,60,689.0,0.5408,Home Improvement,Current,155614.65,CA
900,2017-10-30,1721,12884.68,11.77,60,657.0,0.1754,Personal,Current,603273.74,OH
901,2016-11-03,21,39250.21,7.12,84,848.0,0.1919,Auto,Current,221046.76,NJ
902,2019-09-12,1823,99083.25,9.5,60,663.0,0.2284,Education,Current,31214.39,PA
903,2017-08-28,440,46330.34,12.11,36,670.0,0.4131,Auto,Paid Off,29590.77,CA
904,2021-06-22,2160,24504.63,7.07,60,837.0,0.2531,Home Improvement,Current,46922.16,NY
905,2021-05-10,382,74615.73,14.83,60,626.0,0.2222,Home Improvement,Default,35278.06,TX
906,2019-06-25,1388,14572.73,11.23,84,678.0,0.2988,Personal,Current,183194.25,NY
907,2016-01-15,1698,37926.25,13.09,84,506.0,0.4891,Business,Delinquent,30530.45,PA
908,2024-05-15,539,21013.1,20.39,84,520.0,0.0814,Auto,Delinquent,32831.25,OH
909,2020-05-10,932,24286.07,15.89,36,624.0,0.4652,Auto,Delinquent,516299.03,GA
910,2019-09-16,1056,47705.35,5.19,60,805.0,0.5029,Home Improvement,Current,39384.25,DE
911,2023-08-20,84,293553.88,20.63,120,613.0,0.1362,Business,Default,624477.32,DE
912,2018-07-12,1492,51520.87,6.4,84,820.0,0.4424,Home Improvement,Paid Off,46899.97,GA
913,2023-06-01,1235,90727.44,4.89,36,823.0,0.2039,Education,Current,513049.02,NY
914,2020-02-07,2226,465312.01,14.5,120,598.0,0.2919,Business,Paid Off,355285.26,NY
915,2021-04-24,884,12389.63,10.11,84,695.0,0.291,Personal,Paid Off,26109.47,MA
916,2020-05-13,1261,36662.74,19.56,84,627.0,0.3807,Auto,Paid Off,52991.78,NC
917,2023-04-27,1512,48529.3,5.79,60,751.0,0.149,Auto,Paid Off,42708.51,VA
918,2024-03-27,1798,26192.86,6.73,120,796.0,0.4496,Home Improvement,Current,46028.04,DE
919,2017-04-11,887,7689.15,9.6,84,685.0,0.085,Education,Current,315016.42,TX
920,2017-10-12,271,27981.62,19.67,60,637.0,0.5343,Personal,Current,278793.98,NY
921,2023-09-27,2016,44049.49,18.04,60,633.0,0.2067,Home Improvement,Current,64760.72,PA
922,2019-04-24,1252,62318.38,12.93,60,689.0,0.1089,Education,Current,503725.42,OH
923,2023-08-03,2082,65866.16,17.91,36,644.0,0.4649,Education,Current,381256.95,NY
924,2019-08-01,2286,215743.17,20.03,120,614.0,0.2403,Business,Current,615261.89,MD
925,2018-03-18,1643,19804.69,9.01,120,722.0,0.409,Auto,Current,359554.73,NY
926,2019-11-15,1352,425396.17,5.21,36,834.0,0.3725,Business,Current,34906.35,FL
927,2023-03-26,2399,77723.24,4.89,120,816.0,0.3393,Education,Current,28245.48,MD
928,2020-10-05,430,298910.24,7.12,84,772.0,0.3996,Business,Current,172656.4,NJ
929,2022-06-06,1211,22678.75,4.5,36,756.0,0.4583,Home Improvement,Current,33622.69,AZ
930,2021-01-05,2216,76646.2,15.92,60,641.0,0.4854,Home Improvement,Current,26680.82,CT
931,2021-12-21,2227,64562.5,12.66,36,508.0,0.5126,Home Improvement,Default,27073.43,PA
932,2024-02-11,459,44761.24,12.37,36,610.0,0.375,Auto,Current,103621.41,FL
933,2016-10-06,928,76362.8,4.96,60,772.0,0.3457,Home Improvement,Current,51347.9,PA
934,2018-06-16,79,13907.97,14.83,84,543.0,0.3012,Auto,Paid Off,263272.83,MA
935,2022-05-30,2454,32904.76,8.47,60,706.0,0.2911,Personal,Current,29619.87,WA
936,2025-04-29,1627,254213.27,10.73,60,682.0,0.4751,Business,Current,33004.55,PA
937,2017-02-25,33,10997.86,6.93,36,841.0,0.3334,Auto,Current,34652.83,MD
938,2023-12-20,907,36333.9,12.0,36,686.0,0.2589,Education,Current,26669.23,MI
939,2022-09-21,1125,19598.82,15.78,120,615.0,0.131,Auto,Paid Off,159956.16,FL
940,2019-10-29,1430,5091.87,16.01,120,545.0,0.2579,Personal,Delinquent,32195.77,WA
941,2021-10-29,2266,73549.0,12.95,60,657.0,0.2889,Home Improvement,Current,27879.6,WA
942,2022-08-17,381,9738.56,14.75,120,596.0,0.0973,Education,Delinquent,358737.16,DE
943,2020-11-29,227,37655.69,18.17,36,607.0,0.364,Personal,Current,29254.55,NJ
944,2016-05-23,1405,34908.38,8.92,84,747.0,0.312,Personal,Current,34670.98,Florida
945,2023-07-01,1227,50530.66,10.9,36,690.0,0.4276,Home Improvement,Current,37385.14,CT
946,2021-11-21,716,12261.71,9.7,60,744.0,0.5349,Auto,Paid Off,29414.19,DE
947,2021-06-19,1369,47907.95,16.55,84,606.0,0.4439,Education,Paid Off,33833.11,NC
948,2022-11-27,687,85934.18,9.11,36,701.0,0.1923,Business,Paid Off,24643.97,NJ
949,2019-06-24,2154,20981.47,8.58,60,733.0,0.4388,Home Improvement,Paid Off,390686.15,NY
950,2017-03-03,1557,43587.0,12.98,84,632.0,0.1125,Home Improvement,Current,33068.52,GA
951,2020-10-13,306,26892.51,12.71,84,614.0,0.1069,Personal,Delinquent,57388.52,PA
952,2020-05-19,210,11429.56,10.28,36,683.0,0.2432,Home Improvement,Paid Off,31009.84,MA
953,2021-01-20,2176,27750.73,18.79,84,613.0,0.2506,Personal,Paid Off,47198.53,PA
954,2018-03-06,2397,47403.25,9.06,36,712.0,0.4679,Education,Paid Off,40621.75,NJ
955,2019-08-19,2503,30002.67,19.65,36,646.0,0.1195,Personal,Current,38173.53,NY
956,2024-06-17,1104,49467.27,12.3,84,680.0,0.2579,Personal,Paid Off,37580.35,PA
957,2020-11-07,1985,43045.46,17.4,60,639.0,0.4415,Education,Current,132538.41,IL
958,2016-10-04,1713,13739.98,16.37,60,625.0,0.1689,Home Improvement,Current,521110.6,NJ
959,2021-06-11,1214,67916.84,16.62,120,594.0,0.4172,Home Improvement,Current,47754.75,WA
960,2017-02-24,1561,33426.61,11.25,60,665.0,0.1146,Home Improvement,Paid Off,27510.74,PA
961,2018-11-21,1002,237894.8,9.44,60,674.0,0.3568,Business,Paid Off,282904.27,WA
962,2021-03-22,1458,31415.46,8.58,36,710.0,0.5477,Personal,Current,420860.31,TX
963,2023-10-10,192,65304.11,12.34,60,646.0,0.2566,Home Improvement,Default,33681.47,OH
964,2023-01-04,1353,45813.3,19.19,84,581.0,0.3825,Auto,Current,427704.18,NJ
965,2018-05-14,1387,33496.11,13.03,60,668.0,0.0931,Personal,Paid Off,36048.07,NC
966,2019-03-17,2482,51296.8,17.91,120,583.0,0.363,Auto,Delinquent,38808.24,CA
967,2016-06-15,484,24899.09,7.85,84,747.0,0.4638,Personal,Paid Off,31024.22,MN
968,2022-03-08,2408,160308.25,10.09,36,657.0,0.4197,Business,Current,515780.96,NJ
969,2018-07-18,916,53001.03,6.07,60,757.0,0.1003,Home Improvement,Current,32055.26,NY
970,2019-07-27,1502,40462.67,15.67,60,560.0,0.2447,Auto,Default,264061.53,PA
971,2023-05-30,278,13981.62,16.57,60,605.0,0.4172,Home Improvement,Current,62014.26,MI
972,2019-03-09,1049,21286.09,12.18,60,687.0,0.3759,Home Improvement,Current,36936.25,PA
973,2018-07-12,222,53148.94,18.6,120,595.0,0.5162,Auto,Current,40598.95,TX
974,2024-03-20,2317,13535.69,6.81,120,741.0,0.489,Auto,Delinquent,28996.39,VA
975,2018-09-08,572,18696.72,19.36,84,621.0,0.4692,Home Improvement,Paid Off,31608.02,PA
976,2019-10-05,412,29541.15,5.56,36,835.0,0.5402,Home Improvement,Paid Off,37120.09,NJ
977,2023-02-27,2481,69756.71,10.89,84,689.0,0.237,Home Improvement,Current,588503.1,NY
978,2021-11-19,999,39945.32,8.59,36,712.0,0.1752,Personal,Delinquent,47171.42,NJ
979,2019-06-02,994,49416.55,13.47,60,679.0,0.4752,Personal,Current,27507.93,PA
980,2021-01-17,586,26509.2,17.65,60,501.0,0.2995,Auto,Delinquent,218508.14,OH
981,2021-07-09,1894,37412.93,6.48,84,800.0,0.3921,Personal,Current,409398.41,VA
982,2020-02-03,1448,57524.73,15.44,60,629.0,0.4807,Education,Current,43563.52,FL
983,2024-02-05,2519,35795.93,9.98,120,721.0,0.5455,Auto,Current,31483.83,FL
984,2018-04-25,1646,6896.26,9.16,36,732.0,0.4866,Personal,Current,31249.91,AZ
985,2016-12-29,675,94346.15,16.83,84,637.0,0.0832,Education,Current,57914.6,MA
986,2021-09-24,1212,48459.23,13.44,60,594.0,0.2027,Personal,Delinquent,38142.31,FL
987,2021-07-09,856,30498.77,8.18,60,701.0,0.1646,Auto,Paid Off,27130.74,FL
988,2024-01-09,448,33610.83,8.33,60,744.0,0.0858,Auto,Current,611261.39,NJ
989,2019-03-24,1026,40855.81,9.05,84,698.0,0.3329,Auto,Current,28243.7,PA
990,2018-10-07,1195,70047.58,20.54,60,643.0,0.3846,Education,Paid Off,34105.64,WA
991,2017-09-23,223,479845.18,12.22,60,666.0,0.2799,Business,Current,490253.5,Pennsylvania
992,2020-05-03,2127,59459.61,9.7,36,668.0,0.3867,Home Improvement,Current,30714.85,PA
993,2018-05-14,2248,21506.35,4.51,36,785.0,0.419,Personal,Current,538826.83,CA
994,2024-11-03,1673,20649.21,17.74,84,620.0,0.2916,Auto,Current,33481.2,CA
995,2024-07-22,1599,49671.36,11.49,84,691.0,0.3531,Personal,Current,25113.9,NC
996,2017-04-08,1765,11605.58,12.03,84,689.0,0.4648,Personal,Current,310283.82,NY
997,2018-02-13,46,13941.25,20.49,84,587.0,0.273,Education,Paid Off,24412.03,TX
998,2024-12-26,2212,308279.4,7.52,60,710.0,0.4372,Business,Default,480587.98,TX
999,2018-07-12,1076,78674.89,7.04,60,747.0,0.5398,Home Improvement,Paid Off,28795.93,IL
1000,2022-01-22,962,199098.59,13.74,60,533.0,0.4702,Business,Current,32857.72,PA
1001,2020-04-21,295,34667.94,13.9,36,617.0,0.3891,Home Improvement,Current,33598.43,CT
1002,2021-01-17,1194,67258.33,7.97,36,703.0,0.4502,Home Improvement,Current,30636.16,OH
1003,2022-09-29,989,46732.01,6.56,36,702.0,0.465,Auto,Current,75470.11,PA
1004,2018-10-29,589,38158.13,6.05,60,773.0,0.1105,Personal,Current,41120.07,PA
1005,2020-07-05,2258,17234.9,18.54,120,610.0,0.3437,Home Improvement,Delinquent,40775.42,NY
1006,2020-06-16,258,30640.81,12.2,120,683.0,0.3209,Personal,Current,27490.27,MA
1007,2023-11-24,1837,314181.15,8.66,120,,0.4866,Business,Delinquent,381070.87,AZ
1008,2019-04-18,1304,25254.3,11.4,84,696.0,0.4276,Home Improvement,Paid Off,27757.55,MN
1009,2021-06-14,927,55520.51,12.45,36,593.0,0.0924,Auto,Current,30781.26,NJ
1010,2019-02-18,2479,34370.06,15.6,120,632.0,0.365,Auto,Current,31382.06,NY
1011,2024-02-10,1567,16207.6,5.83,36,766.0,0.5215,Home Improvement,Current,395489.03,NJ
1012,2020-07-26,437,84722.12,12.98,60,687.0,0.1835,Education,Current,52507.11,NJ
1013,2022-07-31,2402,12140.44,6.78,60,765.0,0.4741,Personal,Current,34891.16,NJ
1014,2021-10-22,1763,42941.39,8.54,84,702.0,0.3562,Personal,Current,60791.71,MI
1015,2022-02-12,394,59736.91,7.47,84,757.0,0.112,Home Improvement,Current,54392.72,NJ
1016,2017-02-02,426,41710.05,15.34,60,561.0,0.2108,Auto,Paid Off,29890.55,CO
1017,2023-12-19,535,44578.85,17.77,36,593.0,0.3487,Personal,Current,38975.51,PA
1018,2021-05-04,31,10087.44,10.56,60,693.0,0.4629,Education,Delinquent,446151.38,DE
1019,2017-12-15,1011,55388.12,10.06,36,,0.1116,Education,Paid Off,29096.14,MA
1020,2021-02-01,1334,475185.78,11.52,60,,0.2997,Business,Current,34446.19,PA
1021,2025-05-06,2103,58838.96,7.94,36,739.0,0.103,Home Improvement,Current,28828.96,MD
1022,2024-02-29,1030,17968.01,13.01,36,674.0,0.1723,Home Improvement,Delinquent,34768.29,MN
1023,2023-12-18,747,24682.24,7.41,36,742.0,0.1439,Education,Paid Off,24116.68,CA
1024,2017-11-01,1799,41518.31,16.33,60,634.0,0.4044,Personal,Paid Off,31463.26,GA
1025,2023-06-09,1607,52461.15,17.08,84,610.0,0.3934,Education,Current,26451.31,MA
1026,2024-06-21,1305,22448.88,7.33,84,845.0,0.3279,Personal,Current,26504.97,VA
1027,2022-07-31,1751,25700.08,10.71,84,693.0,0.242,Personal,Current,120363.03,PA
1028,2016-08-19,2235,11049.21,11.32,84,688.0,0.4767,Personal,Delinquent,645475.22,OH
1029,2015-11-09,1454,43529.93,15.76,84,601.0,0.3941,Auto,Current,35750.23,NJ
1030,2021-07-19,557,106576.76,15.35,36,587.0,0.4044,Business,Current,263931.85,TX
1031,2022-03-02,1510,37231.22,9.54,36,717.0,0.2971,Home Improvement,Current,32227.47,GA
1032,2019-10-04,1993,406175.97,15.04,36,620.0,0.4669,Business,Current,32470.62,CA
1033,2018-08-08,2252,43934.76,5.97,60,815.0,0.48,Auto,Current,25767.07,NC
1034,2015-04-06,571,29922.77,9.45,120,694.0,0.4489,Auto,Current,344360.15,FL
1035,2022-12-20,353,18437.4,5.77,36,793.0,0.1198,Home Improvement,Current,321599.31,FL
1036,2020-03-27,92,42203.77,15.19,84,648.0,0.3954,Personal,Delinquent,32907.23,CT
1037,2022-08-26,2128,12303.77,4.64,60,750.0,0.2981,Education,Current,37775.04,PA
1038,2023-08-29,1079,39923.85,12.01,84,683.0,0.4079,Auto,Current,34532.44,TX
1039,2023-02-14,1057,55053.92,19.16,60,639.0,0.3181,Education,Current,364849.26,VA
1040,2018-08-12,1944,28743.26,19.39,120,588.0,0.494,Home Improvement,Paid Off,254927.6,TX
1041,2023-03-21,2105,8479.94,13.87,84,627.0,0.1273,Education,Current,45954.8,AZ
1042,2018-12-10,349,42698.47,5.41,36,764.0,0.3447,Personal,Current,30407.66,AZ
1043,2018-04-12,2024,34494.87,13.17,120,693.0,0.2806,Education,Current,42446.84,GA
1044,2023-03-12,1901,52143.59,6.81,120,734.0,0.3883,Home Improvement,Paid Off,29750.28,MI
1045,2024-03-26,1489,51734.11,4.65,84,754.0,0.4256,Business,Current,326524.49,TX
1046,2021-08-21,1048,50241.05,8.69,120,722.0,0.5071,Education,Current,37286.92,MI
1047,2023-03-06,2394,21433.95,15.95,60,633.0,0.2238,Home Improvement,Current,345555.39,NC
1048,2023-03-26,2380,194697.15,11.74,60,,0.0932,Business,Paid Off,490969.18,MA
1049,2022-07-04,2091,30709.75,13.32,84,625.0,0.3107,Home Improvement,Paid Off,285175.82,MD
1050,2019-09-15,454,26762.65,9.02,120,703.0,0.1751,Personal,Current,24621.86,VA
1051,2021-08-22,914,36626.29,13.21,36,587.0,0.2294,Education,Paid Off,145574.32,CO
1052,2018-05-30,1707,25743.52,16.76,84,603.0,0.3595,Home Improvement,Current,24992.15,PA
1053,2019-08-11,38,35352.54,9.86,84,732.0,0.2635,Personal,Current,50093.37,PA
1054,2024-11-28,975,73266.38,15.86,120,583.0,0.4551,Home Improvement,Default,47167.09,NC
1055,2016-08-24,1790,414656.23,9.15,36,744.0,0.4023,Business,Paid Off,468291.28,CA
1056,2022-09-18,1407,26409.4,7.25,84,714.0,0.5455,Home Improvement,Paid Off,637740.9,NJ
1057,2022-01-11,40,39080.5,18.93,84,627.0,0.4642,Auto,Paid Off,36029.58,PA
1058,2023-11-19,1274,38471.82,12.17,84,681.0,0.1502,Auto,Current,57553.99,MI
1059,2016-12-06,170,63095.31,8.19,120,714.0,0.2464,Home Improvement,Paid Off,242912.23,IL
1060,2021-09-03,2076,14430.44,14.18,120,643.0,0.4635,Auto,Paid Off,35622.54,NY
1061,2016-10-09,1114,33055.11,18.09,36,606.0,0.4768,Auto,Delinquent,31695.69,MD
1062,2019-06-21,1356,15365.68,9.45,36,689.0,0.5363,Personal,Paid Off,102792.72,CA
1063,2019-12-21,635,61276.25,16.46,36,587.0,0.2531,Home Improvement,Delinquent,39367.46,PA
1064,2023-09-10,1642,311784.4,17.01,60,554.0,0.1929,Business,Current,49049.81,NJ
1065,2022-09-20,580,9398.1,6.88,60,719.0,0.5159,Personal,Paid Off,30534.45,California
1066,2018-10-15,1577,55360.35,19.04,60,586.0,0.4719,Auto,Current,52376.14,PA
1067,2023-01-17,893,39305.39,19.56,60,598.0,0.5189,Personal,Paid Off,343014.63,FL
1068,2018-01-10,781,72438.33,9.09,60,,0.3916,Home Improvement,Current,26928.64,TX
1069,2016-09-18,160,13503.75,14.55,120,639.0,0.4546,Auto,Current,44861.19,OH
1070,2023-10-13,1270,66610.54,16.32,36,584.0,0.4234,Home Improvement,Current,29183.02,PA
1071,2022-07-26,1186,14881.79,13.38,36,607.0,0.4477,Home Improvement,Delinquent,38329.9,NJ
1072,2022-10-21,62,52013.92,9.48,120,740.0,0.3666,Home Improvement,Current,35897.51,FL
1073,2019-09-22,850,61783.67,7.0,60,731.0,0.2453,Home Improvement,Paid Off,36441.88,NJ
1074,2024-05-22,2472,178268.85,17.98,60,604.0,0.1029,Business,Paid Off,30717.46,AZ
1075,2023-05-16,2435,71640.92,9.62,60,694.0,0.2478,Home Improvement,Current,33903.66,TX
1076,2023-02-01,1044,11471.98,10.69,60,679.0,0.2795,Auto,Current,34668.02,New York
1077,2019-01-21,1386,46430.81,19.36,84,590.0,0.4311,Auto,Current,39786.74,CT
1078,2024-08-02,1423,59035.65,7.68,36,723.0,0.4933,Auto,Current,535756.19,MN
1079,2024-09-29,1071,475623.05,9.11,36,681.0,0.4196,Business,Current,39630.65,NY
1080,2015-09-24,54,27784.26,12.52,60,504.0,0.2756,Home Improvement,Current,32057.99,NY
1081,2025-02-20,1588,259427.24,10.54,36,654.0,0.3023,Business,Paid Off,59130.8,VA
1082,2016-12-14,506,224961.62,17.31,84,574.0,0.2507,Business,Delinquent,31818.23,TX
1083,2016-10-30,753,22565.29,12.28,120,525.0,0.1367,Home Improvement,Delinquent,32663.24,MA
1084,2018-03-10,1419,56623.03,9.98,84,706.0,0.1414,Auto,Current,328424.88,DE
1085,2023-08-02,1463,50582.83,18.48,120,603.0,0.1331,Auto,Current,424949.61,MA
1086,2018-02-08,1438,79402.04,17.99,120,552.0,0.4217,Home Improvement,Current,50754.45,MD
1087,2022-08-15,1091,59466.79,11.64,120,697.0,0.2032,Home Improvement,Delinquent,36667.74,NY
1088,2022-08-07,2135,21479.17,8.43,84,703.0,0.2912,Personal,Paid Off,56602.81,CA
1089,2018-09-25,772,42728.26,7.23,60,712.0,0.5408,Business,Current,333305.9,NJ
1090,2018-03-18,2363,44203.1,12.81,60,651.0,0.3146,Auto,Current,41059.9,NC
1091,2019-02-28,2257,42540.67,10.81,36,676.0,0.3654,Education,Paid Off,598932.08,MA
1092,2022-06-24,1086,37715.31,5.87,84,753.0,0.2557,Auto,Paid Off,45402.81,DE
1093,2017-07-10,2141,14533.77,8.32,36,708.0,0.5429,Personal,Delinquent,30584.67,NC
1094,2018-06-04,1224,21426.82,16.3,84,594.0,0.5164,Auto,Delinquent,565222.14,Pennsylvania
1095,2022-08-24,1180,41591.1,10.39,36,692.0,0.3933,Personal,Current,45093.93,AZ
1096,2023-08-06,1404,60632.95,12.88,120,520.0,0.5242,Home Improvement,Default,92867.63,PA
1097,2021-01-19,1400,48840.11,13.93,36,572.0,0.3877,Home Improvement,Paid Off,28019.62,NJ
1098,2020-05-04,1271,17280.27,5.11,60,791.0,0.2242,Personal,Current,205270.97,OH
1099,2019-08-11,964,12878.43,19.14,60,636.0,0.3324,Auto,Paid Off,90387.48,FL
1100,2019-08-31,1191,210065.6,14.54,60,555.0,0.2552,Business,Paid Off,31259.09,NJ
1101,2025-05-27,399,393590.91,8.34,84,710.0,0.3641,Business,Current,36671.66,NJ
1102,2022-11-24,585,52217.54,18.95,36,581.0,0.3574,Home Improvement,Current,35852.22,OH
1103,2019-05-17,949,10607.39,12.53,36,649.0,0.4333,Home Improvement,Current,30747.76,NJ
1104,2021-09-28,705,64026.87,12.27,60,528.0,0.1634,Home Improvement,Default,28596.35,MA
1105,2017-02-13,432,248389.35,9.36,60,652.0,0.148,Business,Current,29991.7,NJ
1106,2022-02-26,293,214972.84,14.01,36,504.0,0.097,Business,Default,56346.02,NY
1107,2022-10-16,1902,339201.83,9.71,60,681.0,0.1177,Business,Current,37050.03,Florida
1108,2025-08-28,2418,25559.1,14.76,60,596.0,0.1741,Auto,Paid Off,31000.52,AZ
1109,2018-11-09,1568,96003.65,9.78,60,721.0,0.4076,Education,Current,45891.76,DE
1110,2023-03-03,3,4214.79,9.95,84,713.0,0.4993,Personal,Current,217904.66,FL
1111,2022-07-21,577,38531.45,11.21,60,687.0,0.2801,Auto,Current,438142.6,WA
1112,2021-02-04,1916,58703.45,13.86,120,,0.3516,Home Improvement,Paid Off,27084.54,NY
1113,2017-12-07,340,16680.98,14.5,36,624.0,0.1499,Personal,Current,24062.95,NJ
1114,2022-05-23,1724,71735.05,10.97,84,663.0,0.4606,Home Improvement,Paid Off,417934.92,NJ
1115,2023-01-09,926,60033.01,11.56,84,693.0,0.1326,Education,Current,29250.1,PA
1116,2021-07-15,266,49157.32,20.66,60,636.0,0.1219,Education,Current,36493.81,MD
1117,2021-01-08,377,324077.93,5.74,60,757.0,0.2775,Business,Paid Off,513029.04,CA
1118,2024-09-16,272,91893.31,20.91,84,608.0,0.3551,Education,Paid Off,428908.19,PA
1119,2018-06-22,697,12247.73,15.72,60,516.0,0.1689,Home Improvement,Delinquent,83571.64,OH
1120,2022-12-20,1663,59234.12,15.49,84,559.0,0.2537,Auto,Delinquent,169958.63,PA
1121,2022-05-01,245,39786.51,6.04,36,760.0,0.3988,Auto,Current,28838.93,NJ
1122,2024-03-15,1923,70637.06,11.23,120,677.0,0.1801,Home Improvement,Delinquent,34719.05,PA
1123,2018-07-03,477,71748.73,5.08,84,846.0,0.1159,Education,Delinquent,28493.35,VA
1124,2024-01-08,2155,42263.16,12.9,120,626.0,0.4394,Home Improvement,Current,46398.22,PA
1125,2019-04-26,1230,54523.58,8.62,60,718.0,0.3048,Home Improvement,Current,43698.36,AZ
1126,2015-11-01,1322,54385.84,15.4,84,610.0,0.1819,Auto,Paid Off,427684.9,VA
1127,2016-11-03,1200,33003.54,9.65,84,691.0,0.2308,Home Improvement,Delinquent,47342.87,NY
1128,2022-11-30,1338,76199.56,4.97,60,760.0,0.2649,Home Improvement,Current,150475.91,PA
1129,2019-05-12,251,74801.05,6.83,36,750.0,0.1423,Home Improvement,Current,86467.14,GA
1130,2023-11-21,414,29763.93,17.69,60,605.0,0.455,Auto,Current,538907.2,NJ
1131,2016-04-14,1745,34427.56,12.5,120,549.0,0.4201,Auto,Delinquent,45024.47,NY
1132,2021-06-29,1695,5194.04,9.41,84,,0.3044,Personal,Paid Off,205892.38,DE
1133,2021-12-30,311,24433.7,7.37,60,724.0,0.1891,Home Improvement,Paid Off,161087.92,NJ
1134,2024-01-12,894,48223.57,9.58,36,663.0,0.2348,Personal,Current,128136.32,NJ
1135,2021-10-08,1132,42932.8,20.07,120,592.0,0.2358,Home Improvement,Current,514644.91,TX
1136,2024-03-03,2447,468795.13,14.58,36,618.0,0.2791,Business,Current,52224.3,NJ
1137,2020-07-04,16,41697.49,15.35,84,598.0,0.1607,Home Improvement,Current,33115.26,CT
1138,2018-01-30,722,43475.33,12.35,84,689.0,0.1438,Home Improvement,Current,38244.15,New Jersey
1139,2019-10-13,2213,19525.98,16.06,60,587.0,0.3975,Home Improvement,Current,30005.72,CO
1140,2022-09-09,982,252440.35,19.63,36,516.0,0.4445,Business,Delinquent,34871.3,NY
1141,2022-11-24,2126,19770.87,20.58,120,606.0,0.5294,Auto,Current,34508.81,NJ
1142,2020-05-09,2025,23274.18,13.66,84,555.0,0.1992,Auto,Current,37376.24,PA
1143,2021-09-13,364,2537.85,6.78,60,733.0,0.317,Personal,Current,33405.24,CA
1144,2020-09-23,1953,55833.85,10.66,60,695.0,0.1335,Auto,Delinquent,285612.77,WA
1145,2018-06-22,183,31394.09,17.07,60,550.0,0.3425,Home Improvement,Current,44711.11,NC
1146,2021-08-14,986,333966.72,9.2,84,664.0,0.2695,Business,Current,407503.22,VA
1147,2017-08-17,2228,55243.75,14.36,84,601.0,0.4816,Home Improvement,Default,36703.98,FL
1148,2022-05-08,1262,61448.27,13.15,60,696.0,0.3569,Home Improvement,Current,27640.18,NY
1149,2018-09-22,1360,57145.01,7.05,36,762.0,0.2165,Auto,Current,31545.44,PA
1150,2021-07-03,1122,16584.03,5.0,60,797.0,0.2531,Home Improvement,Current,33989.67,New Jersey
1151,2020-04-27,188,40069.93,7.09,60,811.0,0.2925,Auto,Current,251286.47,IL
1152,2016-10-13,620,53737.07,9.59,84,706.0,0.3482,Auto,Current,33096.4,PA
1153,2018-08-04,2386,68764.01,9.05,36,655.0,0.1576,Home Improvement,Paid Off,33648.01,OH
1154,2021-12-14,615,26067.39,6.74,120,705.0,0.1399,Home Improvement,Current,591447.69,NJ
1155,2018-08-12,1658,40850.15,15.62,84,647.0,0.3521,Personal,Delinquent,28292.73,CA
1156,2020-07-17,995,220602.48,9.2,84,675.0,0.1189,Business,Paid Off,471499.42,CT
1157,2023-05-27,935,55442.86,8.4,60,725.0,0.3831,Auto,Current,34843.18,PA
1158,2022-03-26,372,22937.92,13.03,36,637.0,0.32,Home Improvement,Paid Off,283694.9,NY
1159,2017-05-15,1377,13265.05,9.81,60,672.0,0.2378,Personal,Paid Off,32783.04,MD
1160,2018-03-18,594,24258.91,17.21,84,580.0,0.5184,Auto,Paid Off,458129.67,MD
1161,2022-05-28,727,90669.8,16.39,84,644.0,0.4528,Education,Current,286325.37,FL
1162,2024-09-09,1892,16590.12,16.98,36,609.0,0.3468,Home Improvement,Current,35448.19,FL
1163,2022-02-03,688,48099.47,18.94,36,649.0,0.2101,Home Improvement,Paid Off,569258.74,NJ
1164,2016-08-03,2217,55416.95,8.2,84,735.0,0.419,Home Improvement,Current,25963.06,NJ
1165,2020-11-06,137,31700.27,8.65,84,718.0,0.4767,Home Improvement,Current,39861.97,CA
1166,2023-04-25,629,28791.88,17.25,36,580.0,0.2556,Home Improvement,Paid Off,25161.61,DE
1167,2022-01-14,335,30757.16,15.43,120,553.0,0.4363,Home Improvement,Current,56411.62,MN
1168,2017-07-26,1522,58545.25,9.57,60,,0.3847,Auto,Paid Off,504076.99,CO
1169,2019-11-08,1848,53375.99,6.79,84,706.0,0.2286,Auto,Current,30809.61,DE
1170,2019-06-11,1110,14996.06,13.26,84,626.0,0.5338,Personal,Current,441505.41,PA
1171,2024-08-08,1238,68593.2,7.87,84,732.0,0.4056,Education,Current,45589.9,NJ
1172,2017-08-06,1835,56770.72,14.91,36,585.0,0.3126,Home Improvement,Delinquent,31099.82,New Jersey
1173,2021-05-31,711,99737.41,8.43,36,701.0,0.3068,Business,Current,29002.35,CO
1174,2019-01-30,1040,29565.74,9.34,36,731.0,0.4772,Home Improvement,Delinquent,38709.37,NJ
1175,2019-03-30,1625,50042.51,9.5,60,749.0,0.1171,Auto,Paid Off,27386.22,FL
1176,2021-12-29,1487,62775.64,10.36,36,681.0,0.2213,Home Improvement,Current,27520.11,IL
1177,2021-10-13,2322,2351.5,7.04,84,746.0,0.1149,Personal,Current,28676.07,FL
1178,2021-02-24,1113,30844.3,13.3,84,623.0,0.139,Personal,Current,290815.0,CA
1179,2020-06-25,466,30839.35,9.3,60,731.0,0.2216,Auto,Current,36622.07,CT
1180,2017-07-21,1399,26253.94,14.34,84,521.0,0.2219,Auto,Delinquent,26370.56,PA
1181,2022-09-18,2497,54511.17,17.0,84,603.0,0.2301,Auto,Current,174108.67,DE
1182,2025-07-03,2085,12724.79,10.13,84,678.0,0.2444,Auto,Delinquent,30165.17,CA
1183,2023-04-12,1105,56781.54,16.9,120,509.0,0.3164,Home Improvement,Current,26916.48,NY
1184,2016-12-24,2172,26708.18,10.77,36,675.0,0.407,Personal,Current,28052.55,NY
1185,2020-07-16,339,33553.76,12.26,36,656.0,0.1123,Personal,Paid Off,30220.72,CT
1186,2024-06-30,2489,78591.23,14.2,84,640.0,0.2353,Home Improvement,Paid Off,465450.81,FL
1187,2022-11-05,2113,222851.01,16.15,84,579.0,0.2453,Business,Delinquent,37162.91,PA
1188,2017-08-25,1311,155133.11,16.16,84,584.0,0.4828,Business,Current,26044.3,PA
1189,2019-09-27,1205,31409.05,14.7,60,615.0,0.1461,Personal,Default,29975.36,PA
1190,2020-01-08,2120,50317.07,12.37,120,533.0,0.5353,Home Improvement,Paid Off,373886.58,NJ
1191,2018-01-26,817,73948.82,9.8,60,728.0,0.1542,Business,Default,47281.3,PA
1192,2016-03-21,1068,44649.5,7.01,60,754.0,0.3709,Home Improvement,Current,646237.3,NJ
1193,2021-07-16,275,23278.52,19.84,60,528.0,0.3223,Education,Paid Off,311751.48,PA
1194,2019-08-08,1930,47740.62,7.24,36,764.0,0.4245,Home Improvement,Paid Off,618416.66,MD
1195,2017-11-16,866,35920.7,12.28,84,600.0,0.1684,Personal,Current,27176.71,TX
1196,2021-05-19,102,72807.84,13.37,60,624.0,0.358,Home Improvement,Paid Off,37533.87,NC
1197,2019-08-31,1583,42722.07,8.88,84,704.0,0.4817,Home Improvement,Current,617185.58,NY
1198,2017-08-11,108,32394.33,17.68,60,611.0,0.2918,Home Improvement,Current,167705.53,NJ
1199,2016-01-03,2514,68157.26,19.31,120,526.0,0.2456,Home Improvement,Delinquent,26729.21,FL
1200,2019-08-22,1525,17752.34,7.26,120,764.0,0.2763,Education,Paid Off,27257.24,MD
1201,2021-02-01,1651,51616.08,19.09,36,500.0,0.4946,Auto,Current,29466.56,TX
1202,2020-12-10,1973,59486.15,17.44,60,622.0,0.2006,Auto,Current,24482.32,NY
1203,2023-06-16,1408,34850.11,14.24,36,611.0,0.1737,Personal,Paid Off,28139.07,NJ
1204,2018-03-14,1762,64240.97,6.22,60,811.0,0.1272,Education,Current,29457.09,PA
1205,2022-03-27,2034,53314.23,6.52,60,737.0,0.3318,Education,Current,35988.19,NJ
1206,2020-05-09,2051,67725.63,12.77,120,590.0,0.4983,Home Improvement,Paid Off,25757.9,NJ
1207,2021-12-24,713,28048.26,14.37,84,599.0,0.4518,Auto,Default,37616.4,New Jersey
1208,2024-05-03,73,61144.31,20.38,60,603.0,0.5389,Business,Paid Off,50879.62,PA
1209,2020-06-18,1849,73127.25,12.55,60,675.0,0.4591,Home Improvement,Paid Off,32203.06,OH
1210,2023-05-25,2428,39435.27,7.12,60,804.0,0.3324,Personal,Current,292565.46,NY
1211,2020-10-11,482,11901.3,8.49,60,724.0,0.2325,Home Improvement,Paid Off,28357.36,AZ
1212,2023-07-08,1711,119826.15,18.7,84,609.0,0.2679,Business,Current,26229.31,PA
1213,2020-02-15,2292,36833.16,19.48,36,507.0,0.4367,Home Improvement,Paid Off,25162.44,MA
1214,2020-10-30,1172,40058.15,19.33,60,594.0,0.1871,Auto,Current,516797.15,VA
1215,2018-01-04,2059,22686.7,12.62,36,659.0,0.5137,Home Improvement,Current,27977.07,OH
1216,2017-05-22,1476,38051.17,8.65,36,708.0,0.3823,Auto,Delinquent,32637.95,MA
1217,2020-10-07,406,79305.36,12.3,120,666.0,0.2081,Home Improvement,Current,473256.95,NY
1218,2019-08-11,758,3691.17,12.81,60,652.0,0.4569,Personal,Current,52598.12,NY
1219,2023-08-20,1445,47926.89,7.82,60,722.0,0.1084,Personal,Current,46467.87,MN
1220,2022-06-18,2164,26930.33,17.92,60,588.0,0.4169,Home Improvement,Current,32744.1,NJ
1221,2018-03-07,1661,41311.95,8.6,120,708.0,0.0874,Education,Current,35479.64,PA
1222,2022-05-08,2229,27843.44,20.0,84,631.0,0.1486,Auto,Current,25215.8,PA
1223,2016-07-10,744,301965.86,12.27,36,654.0,0.3088,Business,Current,538553.38,PA
1224,2021-01-22,807,75557.9,5.73,60,849.0,0.4319,Home Improvement,Current,42099.51,NJ
1225,2023-11-14,2332,22324.47,11.48,36,652.0,0.3028,Personal,Paid Off,38388.14,NC
1226,2017-03-17,2389,22128.83,12.5,36,668.0,0.3724,Home Improvement,Current,47364.7,PA
1227,2021-01-23,1947,21751.67,14.61,36,633.0,0.2439,Home Improvement,Delinquent,29855.76,FL
1228,2021-06-12,2023,34288.19,13.36,120,659.0,0.4755,Home Improvement,Current,33695.44,NJ
1229,2022-08-19,149,26219.9,13.98,60,604.0,0.1506,Home Improvement,Default,25644.91,MI
1230,2020-04-12,1265,41453.72,12.71,120,642.0,0.5128,Education,Delinquent,481916.6,TX
1231,2019-10-26,1478,49807.68,12.84,36,524.0,0.0807,Home Improvement,Default,344368.83,PA
1232,2018-02-14,693,13822.19,18.8,36,600.0,0.4799,Education,Paid Off,427810.87,NJ
1233,2022-02-17,819,14579.75,8.3,84,717.0,0.4559,Home Improvement,Current,644675.62,Pennsylvania
1234,2017-12-23,1805,41490.57,13.0,60,611.0,0.3173,Personal,Paid Off,379650.0,PA
1235,2022-07-16,1484,64770.49,7.07,120,820.0,0.4923,Home Improvement,Current,46643.88,VA
1236,2022-08-27,1761,17977.48,9.49,60,700.0,0.369,Auto,Current,424214.51,NJ
1237,2018-12-14,702,34486.75,11.85,36,655.0,0.3673,Personal,Paid Off,26604.56,DE
1238,2022-08-13,2234,68504.23,10.4,120,689.0,0.5209,Home Improvement,Paid Off,260040.32,IL
1239,2018-11-03,922,40066.38,13.27,120,696.0,0.3815,Personal,Current,191410.69,NJ
1240,2020-04-25,906,39605.2,7.7,36,721.0,0.1806,Personal,Current,432336.45,CT
1241,2016-11-04,455,31388.06,12.77,36,648.0,0.1531,Home Improvement,Paid Off,137607.28,CA
1242,2016-10-19,1645,29630.99,12.17,120,683.0,0.4783,Home Improvement,Current,40198.62,NY
1243,2019-09-09,2214,324689.9,4.97,84,808.0,0.375,Business,Current,30632.39,NY
1244,2023-04-28,1424,20415.74,8.73,120,717.0,0.1953,Home Improvement,Paid Off,27797.79,NJ
1245,2020-04-18,168,8114.43,8.06,60,709.0,0.2907,Auto,Current,45761.83,NY
1246,2017-11-05,731,39724.79,17.29,84,595.0,0.528,Home Improvement,Delinquent,214554.72,PA
1247,2023-05-08,1621,22437.23,9.01,60,696.0,0.1788,Home Improvement,Current,34361.72,MD
1248,2021-09-22,27,62127.59,14.81,84,614.0,0.2241,Home Improvement,Paid Off,555442.74,NJ
1249,2019-07-19,1383,28911.12,9.17,84,676.0,0.3163,Home Improvement,Current,31924.68,IL
1250,2016-01-15,1565,23392.08,15.25,36,614.0,0.3781,Home Improvement,Current,89833.4,PA
1251,2018-07-19,998,49909.58,12.01,36,511.0,0.1274,Auto,Current,35470.1,VA
1252,2017-03-23,1177,69081.85,18.7,60,621.0,0.2327,Education,Current,64262.62,TX
1253,2018-10-24,1041,280929.03,19.13,36,594.0,0.3148,Business,Current,194268.65,PA
1254,2022-04-29,1666,26105.05,19.26,36,556.0,0.4819,Home Improvement,Current,98743.61,PA
1255,2020-04-18,2118,13430.24,13.06,60,665.0,0.2208,Personal,Current,24031.5,PA
1256,2021-01-28,1938,24608.09,11.04,84,676.0,0.2536,Home Improvement,Paid Off,30970.77,NY
1257,2017-01-05,42,201190.33,5.39,60,820.0,0.105,Business,Current,494420.66,CA
1258,2020-12-14,1291,56831.68,9.36,36,720.0,0.1235,Auto,Current,87559.22,GA
1259,2025-01-11,1671,61630.43,5.88,84,758.0,0.5395,Home Improvement,Current,38723.58,VA
1260,2023-08-25,2424,36687.43,9.96,36,656.0,0.2737,Home Improvement,Current,49985.92,WA
1261,2020-01-09,1415,54931.55,12.2,84,614.0,0.4755,Auto,Paid Off,191058.23,NY
1262,2023-07-01,1293,21228.89,9.47,60,687.0,0.493,Auto,Default,27303.62,OH
1263,2019-03-05,610,12609.77,19.28,120,595.0,0.1558,Home Improvement,Current,28169.39,NC
1264,2024-09-24,1133,231462.43,15.18,36,616.0,0.1681,Business,Current,618182.87,FL
1265,2017-06-03,29,40801.9,20.19,84,531.0,0.4711,Personal,Current,26661.33,PA
1266,2017-08-28,442,50220.64,5.32,84,847.0,0.2371,Auto,Current,41586.64,PA
1267,2019-08-31,1392,22300.95,11.13,120,682.0,0.232,Home Improvement,Delinquent,424388.79,NY
1268,2021-01-28,1622,27436.26,20.52,60,605.0,0.2756,Home Improvement,Current,484901.09,DE
1269,2018-03-11,494,37225.04,13.37,120,599.0,0.1565,Auto,Current,348436.5,PA
1270,2024-03-02,1259,27953.39,7.65,60,703.0,0.5087,Auto,Current,59519.6,MI
1271,2021-11-10,2122,53415.55,13.4,120,697.0,0.5319,Home Improvement,Current,225257.05,NJ
1272,2016-09-30,237,8410.44,6.3,36,799.0,0.4703,Personal,Current,481070.46,OH
1273,2021-12-21,552,17828.93,12.56,60,655.0,0.2406,Personal,Paid Off,44097.42,TX
1274,2019-02-26,521,2999.53,5.86,36,815.0,0.1978,Personal,Paid Off,25496.21,PA
1275,2019-12-15,1709,21987.41,10.2,120,651.0,0.263,Auto,Current,43136.98,Pennsylvania
1276,2019-12-03,1233,25681.34,9.72,36,,0.4133,Auto,Default,25376.85,FL
1277,2023-01-16,1139,51308.92,13.22,60,,0.1597,Auto,Delinquent,27764.91,CO
1278,2021-12-01,721,29725.65,20.44,60,581.0,0.3919,Personal,Default,249143.18,NJ
1279,2018-05-15,1958,18675.01,10.19,60,678.0,0.3477,Personal,Current,38200.55,Pennsylvania
1280,2024-06-30,2231,487688.58,17.56,84,626.0,0.0819,Business,Paid Off,41101.33,MD
1281,2022-01-24,59,69679.53,6.24,84,788.0,0.4732,Home Improvement,Current,301976.88,CO
1282,2018-08-01,632,32412.88,20.29,36,603.0,0.1192,Personal,Current,299759.76,CO
1283,2022-08-01,1182,46925.45,16.73,36,632.0,0.2891,Personal,Current,36388.38,FL
1284,2023-07-11,1689,40734.11,6.51,84,737.0,0.3932,Personal,Paid Off,34181.62,NY
1285,2016-05-17,593,79208.73,20.48,120,623.0,0.1877,Home Improvement,Delinquent,441997.78,PA
1286,2024-12-10,2316,39656.49,14.22,36,605.0,0.2609,Auto,Current,31323.93,IL
1287,2023-05-13,940,71539.66,12.96,84,613.0,0.5091,Home Improvement,Current,24711.69,PA
1288,2021-01-01,2350,55900.49,14.06,36,523.0,0.5116,Auto,Paid Off,238101.43,IL
1289,2016-02-19,1250,425675.8,12.37,84,681.0,0.4567,Business,Current,25065.17,IL
1290,2020-03-17,905,53012.7,13.49,36,694.0,0.5152,Auto,Current,44702.54,MD
1291,2018-02-22,1280,27411.71,10.3,36,689.0,0.4716,Home Improvement,Current,30236.44,NJ
1292,2016-12-05,2233,30199.84,5.06,84,778.0,0.2018,Auto,Current,30386.61,NJ
1293,2019-12-27,2423,90909.18,17.67,84,605.0,0.402,Education,Delinquent,584095.33,PA
1294,2022-11-22,1584,53428.47,9.87,84,703.0,0.4187,Auto,Current,251023.7,TX
1295,2017-08-10,1464,29941.37,4.71,84,815.0,0.1038,Auto,Delinquent,25713.48,MD
1296,2023-02-05,2205,180210.6,9.42,84,709.0,0.1038,Business,Current,34436.95,TX
1297,2020-09-06,1962,32590.12,9.08,36,672.0,0.452,Home Improvement,Delinquent,372709.12,NY
1298,2024-07-10,707,70659.91,9.76,60,682.0,0.5154,Business,Current,32923.99,PA
1299,2022-05-07,1023,52818.13,12.42,60,696.0,0.327,Auto,Current,30198.31,NY
1300,2020-03-02,746,38340.03,16.06,36,554.0,0.5431,Home Improvement,Delinquent,147316.9,NY
1301,2019-06-06,1879,46280.75,14.1,36,615.0,0.1042,Business,Current,37697.02,PA
1302,2017-04-28,1468,242505.74,6.73,120,740.0,0.3517,Business,Current,245065.93,IL
1303,2017-10-10,514,49733.52,17.81,36,620.0,0.4437,Auto,Delinquent,39429.03,NY
1304,2020-02-08,82,27105.62,9.2,84,699.0,0.1309,Personal,Paid Off,39430.83,TX
1305,2024-07-02,2384,8235.57,11.2,36,665.0,0.1692,Auto,Current,36874.51,NJ
1306,2016-11-18,915,47625.15,7.34,36,850.0,0.1427,Auto,Paid Off,35813.05,AZ
1307,2018-10-29,2506,65871.88,9.83,36,,0.2021,Home Improvement,Delinquent,248746.43,CO
1308,2023-07-23,1867,186605.9,18.17,84,644.0,0.4384,Business,Current,45918.6,TX
1309,2022-10-26,151,15091.46,9.16,84,678.0,0.1201,Auto,Current,34500.8,GA
1310,2022-11-28,775,45606.11,9.12,84,693.0,0.1633,Home Improvement,Current,242620.55,NC
1311,2017-03-23,330,241281.4,16.8,60,616.0,0.5089,Business,Paid Off,29072.48,MN
1312,2018-07-08,7,46858.95,10.83,84,669.0,0.1578,Personal,Current,227423.54,PA
1313,2020-06-20,944,79016.86,14.99,36,583.0,0.3776,Home Improvement,Paid Off,612376.07,NJ
1314,2020-07-02,2119,376296.65,5.72,60,759.0,0.3092,Business,Current,125564.63,VA
1315,2022-03-19,735,314997.29,9.02,60,,0.2677,Business,Paid Off,41263.61,CA
1316,2021-01-22,910,43186.69,10.45,84,695.0,0.26,Education,Current,37637.63,New York
1317,2023-03-10,469,40842.68,10.78,36,694.0,0.0996,Education,Current,425593.81,PA
1318,2018-07-16,182,58069.32,10.75,60,678.0,0.3655,Auto,Current,212708.62,CA
1319,2017-12-16,165,22625.58,14.6,60,638.0,0.285,Personal,Paid Off,36327.47,IL
1320,2022-03-13,452,30274.06,9.28,60,683.0,0.3923,Personal,Current,434698.29,PA
1321,2021-12-24,491,39787.11,15.97,120,500.0,0.1204,Auto,Current,38864.06,TX
1322,2019-06-25,1437,14394.28,13.28,60,653.0,0.424,Personal,Current,107917.06,NJ
1323,2020-03-28,1144,2787.25,15.6,36,620.0,0.5065,Personal,Default,227743.93,PA
1324,2022-04-17,1312,35638.22,8.6,36,716.0,0.2068,Personal,Current,627443.53,GA
1325,2022-04-19,1744,31793.96,19.89,60,614.0,0.1701,Auto,Delinquent,47494.12,VA
1326,2024-02-10,1112,430342.46,5.64,84,800.0,0.3968,Business,Default,446811.6,DE
1327,2021-10-05,2405,330176.94,17.72,84,615.0,0.2843,Business,Paid Off,38742.67,FL
1328,2022-10-22,1350,43864.76,17.25,84,534.0,0.249,Personal,Paid Off,30348.09,GA
1329,2018-08-09,2491,436605.01,16.67,84,587.0,0.4577,Business,Current,41942.16,NY
1330,2020-10-07,2353,22795.05,14.44,36,524.0,0.146,Personal,Current,135636.35,IL
1331,2020-06-30,2438,13604.32,14.27,120,622.0,0.2401,Home Improvement,Delinquent,30234.36,FL
1332,2023-03-20,1558,69239.55,12.62,60,607.0,0.522,Home Improvement,Default,38925.46,CT
1333,2019-06-26,2493,64016.42,12.11,60,588.0,0.4561,Education,Paid Off,66625.99,NY
1334,2022-02-27,1779,456387.88,17.85,36,545.0,0.1116,Business,Paid Off,59961.71,FL
1335,2021-05-22,1841,12201.27,15.65,120,588.0,0.5053,Auto,Paid Off,33583.08,MN
1336,2021-03-09,328,96520.53,12.96,84,638.0,0.4074,Education,Current,125469.35,MA
1337,2024-10-15,443,25042.5,13.45,60,664.0,0.4933,Home Improvement,Paid Off,38076.2,DE
1338,2018-10-16,2314,46651.96,20.29,84,625.0,0.3394,Home Improvement,Delinquent,32312.76,MN
1339,2018-09-30,1421,49398.12,11.05,60,681.0,0.2864,Auto,Paid Off,43046.5,PA
1340,2020-05-05,833,76576.39,11.11,60,661.0,0.3679,Home Improvement,Current,466068.37,PA
1341,2017-05-05,1950,56481.79,9.14,84,744.0,0.3935,Auto,Paid Off,34530.24,NJ
1342,2023-06-04,1942,23505.48,8.06,36,714.0,0.4217,Personal,Current,52759.48,AZ
1343,2017-05-23,1452,36988.62,20.55,60,606.0,0.3379,Education,Paid Off,32842.79,NY
1344,2018-04-20,87,50641.27,12.44,84,672.0,0.3459,Education,Current,390192.99,DE
1345,2022-03-06,2465,19207.84,10.0,60,678.0,0.4108,Personal,Current,289270.49,FL
1346,2024-09-26,778,30471.03,16.32,36,615.0,0.1635,Auto,Paid Off,177042.57,MD
1347,2018-08-02,1538,32805.47,17.17,84,605.0,0.4574,Home Improvement,Current,34478.8,TX
1348,2021-04-29,55,55683.35,14.79,36,606.0,0.3585,Home Improvement,Default,67738.97,FL
1349,2024-05-11,1926,12274.49,9.89,60,656.0,0.16,Education,Current,559162.56,PA
1350,2024-04-14,1288,60957.99,7.21,60,710.0,0.4628,Home Improvement,Current,144900.28,CA
1351,2019-01-17,1733,29963.63,20.91,84,585.0,0.4855,Auto,Paid Off,526313.74,PA
1352,2021-10-28,1617,9040.15,12.33,84,592.0,0.3823,Auto,Current,465317.13,NJ
1353,2024-11-19,1246,12987.94,8.35,60,712.0,0.1282,Auto,Default,32790.72,CA
1354,2022-04-17,114,25586.95,9.5,84,693.0,0.2131,Personal,Paid Off,360173.45,DE
1355,2016-08-14,2366,30477.18,9.6,120,704.0,0.3481,Home Improvement,Current,165000.75,CA
1356,2016-08-12,988,292413.18,5.83,84,838.0,0.5079,Business,Current,64585.4,NJ
1357,2018-06-09,1935,45606.63,17.16,60,615.0,0.2071,Auto,Current,609536.9,PA
1358,2021-01-14,1614,17396.5,18.83,60,646.0,0.1331,Auto,Current,29196.18,CA
1359,2019-10-18,1010,29886.06,7.0,36,839.0,0.1318,Home Improvement,Paid Off,45088.71,FL
1360,2020-05-04,1199,18789.33,20.93,84,612.0,0.0832,Auto,Delinquent,352210.48,CA
1361,2025-03-11,590,48346.45,14.5,36,627.0,0.1195,Personal,Current,27342.57,FL
1362,2020-04-20,769,31313.42,4.57,120,784.0,0.4633,Personal,Current,48341.93,NC
1363,2018-01-05,18,328839.09,20.3,36,613.0,0.5319,Business,Current,27700.36,NY
1364,2025-04-03,1043,231595.23,14.41,84,619.0,0.4059,Business,Default,94874.74,GA
1365,2018-02-11,2068,270633.38,7.53,36,743.0,0.2665,Business,Paid Off,37760.34,NY
1366,2021-01-28,286,11305.26,20.5,84,644.0,0.3513,Home Improvement,Paid Off,416932.43,FL
1367,2023-05-27,429,78348.34,9.34,84,719.0,0.1691,Home Improvement,Current,209544.84,NJ
1368,2024-07-28,1972,465017.05,7.67,84,710.0,0.1369,Business,Current,45706.73,TX
1369,2019-02-28,1396,17561.85,6.28,120,785.0,0.4817,Personal,Current,87180.65,DE
1370,2023-08-20,670,55285.22,8.07,84,721.0,0.2737,Auto,Current,454912.3,MD
1371,2020-08-02,32,55199.91,7.3,60,749.0,0.1523,Home Improvement,Current,36645.85,FL
1372,2023-11-22,1342,396231.42,10.05,36,694.0,0.5057,Business,Current,35098.01,OH
1373,2019-11-07,723,29243.48,17.96,36,626.0,0.4696,Auto,Current,129957.17,MA
1374,2020-03-14,952,59518.66,10.36,84,680.0,0.4658,Home Improvement,Delinquent,198250.23,MA
1375,2019-01-16,1813,49131.37,8.48,36,718.0,0.0943,Auto,Current,239927.34,CT
1376,2016-11-30,215,26052.83,7.93,36,718.0,0.2916,Home Improvement,Current,442541.07,PA
1377,2021-09-24,1838,34020.9,18.31,60,641.0,0.4983,Home Improvement,Delinquent,517634.5,WA
1378,2022-08-21,1165,46641.54,15.08,60,563.0,0.1515,Business,Current,31250.32,TX
1379,2022-10-07,327,50890.85,20.46,60,590.0,0.3711,Auto,Current,37430.87,Pennsylvania
1380,2018-03-29,561,46968.28,14.06,84,635.0,0.3179,Auto,Current,595822.05,OH
1381,2021-01-16,1087,21743.26,20.87,120,643.0,0.2223,Auto,Paid Off,546138.55,NY
1382,2022-06-06,1880,22456.34,8.18,84,728.0,0.2244,Home Improvement,Paid Off,33132.06,DE
1383,2021-09-18,342,291470.29,12.06,84,653.0,0.3706,Business,Current,442609.13,DE
1384,2024-06-30,148,15047.07,19.37,84,630.0,0.3165,Home Improvement,Current,38549.22,PA
1385,2024-05-04,1890,68200.71,9.04,84,706.0,0.5314,Home Improvement,Delinquent,43942.67,TX
1386,2019-04-26,2011,35927.09,7.76,36,710.0,0.2638,Auto,Current,31483.69,NJ
1387,2017-01-19,1108,16726.57,20.16,36,596.0,0.2511,Auto,Paid Off,32621.72,NJ
1388,2025-01-04,849,25218.92,19.89,60,623.0,0.2197,Auto,Current,109601.88,CO
1389,2018-05-21,967,23393.73,6.77,120,755.0,0.1148,Personal,Delinquent,150994.49,FL
1390,2016-11-01,1073,16431.81,10.4,84,690.0,0.335,Personal,Current,533660.54,DE
1391,2018-02-01,156,3598.04,18.25,60,545.0,0.2978,Personal,Current,607954.09,OH
1392,2020-11-07,1710,19103.71,8.55,84,744.0,0.5216,Home Improvement,Current,497488.17,TX
1393,2021-06-30,1648,4673.46,13.62,84,545.0,0.3619,Personal,Current,30518.23,IL
1394,2023-09-05,1003,43385.81,17.64,60,594.0,0.1962,Personal,Delinquent,31035.7,IL
1395,2020-12-28,1895,70148.56,20.82,60,622.0,0.2612,Home Improvement,Current,481172.89,NY
1396,2022-03-26,2114,56197.14,7.25,120,723.0,0.4969,Education,Current,33797.77,DE
1397,2017-03-05,1899,87772.86,7.85,60,739.0,0.2337,Education,Current,29534.58,NJ
1398,2019-08-24,2232,59947.58,6.89,60,749.0,0.3651,Auto,Paid Off,44713.92,NY
1399,2023-05-28,2377,39948.28,12.33,120,654.0,0.1278,Home Improvement,Current,313363.11,NJ
1400,2024-05-22,1204,106904.09,11.15,84,690.0,0.2757,Business,Default,34089.79,PA
1401,2022-07-31,2055,203786.23,19.48,60,615.0,0.5296,Business,Current,25550.65,NY
1402,2022-07-08,2370,51207.92,7.32,60,734.0,0.4061,Auto,Current,37029.39,IL
1403,2016-08-14,2000,45991.36,9.98,36,713.0,0.3511,Home Improvement,Current,28211.12,Illinois
1404,2018-02-16,2484,39900.1,9.97,60,665.0,0.5482,Personal,Current,36704.63,NY
1405,2019-08-16,1836,323862.88,6.2,60,848.0,0.5343,Business,Current,440359.2,CA
1406,2021-07-04,2032,38508.38,10.37,84,671.0,0.17,Personal,Delinquent,437785.08,PA
1407,2019-01-02,2451,28689.97,15.85,120,594.0,0.1503,Education,Paid Off,29115.0,NJ
1408,2023-08-22,939,33047.6,7.24,36,769.0,0.1334,Personal,Current,36127.33,CA
1409,2022-10-17,2267,37794.45,7.46,60,718.0,0.3877,Auto,Current,49136.43,NJ
1410,2021-06-14,347,38419.56,16.46,36,623.0,0.4994,Personal,Current,381960.22,CA
1411,2024-08-22,2106,29174.6,12.48,36,,0.1262,Auto,Current,476746.14,MA
1412,2018-02-06,2500,37082.96,9.75,60,735.0,0.109,Auto,Current,338517.16,NJ
1413,2021-10-21,1460,9918.21,5.09,36,842.0,0.2279,Education,Paid Off,48943.07,FL
1414,2021-06-04,386,36975.38,12.36,36,697.0,0.1446,Home Improvement,Delinquent,122611.82,NJ
1415,2018-05-23,1623,32615.34,11.52,60,683.0,0.1281,Home Improvement,Paid Off,63112.04,CA
1416,2021-01-23,2044,34555.58,5.55,84,764.0,0.2692,Home Improvement,Paid Off,30383.02,IL
1417,2023-06-14,244,6799.81,11.37,36,682.0,0.4926,Education,Current,98866.59,CO
1418,2021-01-12,1966,423951.78,7.07,84,850.0,0.4407,Business,Current,33261.02,VA
1419,2019-01-19,937,3043.31,13.83,60,,0.497,Personal,Default,31900.24,MA
1420,2021-07-11,2169,62746.53,14.19,60,550.0,0.1908,Business,Current,438332.11,Texas
1421,2024-01-21,313,63488.9,8.68,120,741.0,0.166,Home Improvement,Current,517000.74,DE
1422,2019-10-10,2464,30842.3,19.79,36,596.0,0.1978,Auto,Paid Off,53386.11,PA
1423,2017-11-01,1566,29749.07,6.48,84,763.0,0.4162,Personal,Paid Off,24256.37,PA
1424,2016-09-13,1333,39256.27,15.49,84,626.0,0.0858,Auto,Delinquent,521542.4,NJ
1425,2020-11-17,969,6034.84,5.86,120,798.0,0.1389,Personal,Current,238624.52,CT
1426,2019-02-05,661,81618.69,12.83,60,607.0,0.4943,Education,Delinquent,222991.28,WA
1427,2020-02-02,936,55396.55,12.16,36,661.0,0.4921,Home Improvement,Paid Off,25306.09,TX
1428,2020-09-16,371,2073.62,9.97,60,727.0,0.5129,Personal,Paid Off,34588.62,PA
1429,2024-03-25,567,16109.4,9.86,60,740.0,0.2654,Personal,Default,28364.46,FL
1430,2017-04-04,2009,55874.36,5.32,84,754.0,0.5231,Auto,Current,207392.1,PA
1431,2018-09-03,825,70175.81,9.9,60,680.0,0.304,Home Improvement,Current,118099.49,NC
1432,2018-08-07,983,15666.35,13.12,60,601.0,0.1184,Auto,Current,29695.34,NY
1433,2017-10-22,2031,43674.89,6.8,84,751.0,0.1941,Personal,Current,365870.02,NY
1434,2017-11-26,1513,44821.88,9.71,60,700.0,0.4468,Auto,Delinquent,404662.31,OH
1435,2020-04-19,2171,24063.99,15.51,36,624.0,0.0847,Personal,Delinquent,425945.77,CA
1436,2018-01-19,1753,35257.4,20.44,36,523.0,0.1455,Auto,Delinquent,247885.83,NY
1437,2025-02-08,814,385518.68,5.79,60,809.0,0.196,Business,Current,596263.72,PA
1438,2016-12-08,1431,13414.09,15.29,36,582.0,0.4725,Home Improvement,Paid Off,36819.08,NY
1439,2019-01-28,779,19244.21,17.03,36,607.0,0.4361,Auto,Current,31972.69,PA
1440,2025-06-23,1321,17722.3,6.85,120,748.0,0.199,Personal,Current,28400.92,DE
1441,2021-10-08,1563,20267.67,19.85,36,626.0,0.1936,Home Improvement,Current,525427.32,FL
1442,2018-07-27,1053,94808.68,19.42,36,545.0,0.2792,Education,Current,46898.83,PA
1443,2015-10-20,1863,62315.05,11.08,84,683.0,0.4559,Home Improvement,Current,128807.41,NJ
1444,2019-02-12,1014,19212.86,13.13,60,521.0,0.4624,Auto,Paid Off,211182.92,NY
1445,2016-11-04,1402,169421.18,7.14,36,796.0,0.3028,Business,Current,30079.2,WA
1446,2023-04-30,1756,29688.12,9.55,84,694.0,0.0939,Home Improvement,Paid Off,227779.29,NJ
1447,2022-08-04,2093,40701.14,6.98,36,702.0,0.4432,Auto,Current,35368.14,WA
1448,2021-08-17,1802,14391.92,9.11,84,650.0,0.371,Personal,Default,45915.74,OH
1449,2024-03-08,127,26416.16,12.14,36,685.0,0.4239,Personal,Current,461043.01,WA
1450,2020-09-07,888,51842.46,17.29,84,604.0,0.3864,Home Improvement,Delinquent,593220.62,NY
1451,2022-10-29,2445,37866.0,11.87,84,,0.3782,Personal,Current,35456.77,TX
1452,2016-08-12,1348,366397.14,7.3,60,784.0,0.3907,Business,Paid Off,609165.93,NJ
1453,2021-06-28,1008,26284.04,5.61,84,766.0,0.3573,Home Improvement,Delinquent,28962.78,MD
1454,2023-01-05,356,47605.19,14.37,84,583.0,0.3316,Home Improvement,Current,36344.35,AZ
1455,2017-09-27,1004,57198.57,14.72,36,603.0,0.3807,Home Improvement,Paid Off,115721.34,GA
1456,2022-02-07,683,20537.74,5.13,84,763.0,0.5077,Home Improvement,Current,42997.78,NJ
1457,2017-10-07,828,19562.22,17.33,60,621.0,0.2805,Auto,Delinquent,34227.06,NY
1458,2023-02-07,1533,23107.73,18.25,60,611.0,0.2657,Personal,Current,285148.71,PA
1459,2018-04-29,985,225297.49,11.02,60,650.0,0.3008,Business,Current,58342.64,IL
1460,2021-05-30,1234,24885.33,6.86,36,742.0,0.1044,Personal,Current,30881.21,NY
1461,2016-09-01,2143,68954.85,7.54,120,716.0,0.3334,Home Improvement,Current,129986.49,OH
1462,2018-10-06,141,45304.47,7.43,60,764.0,0.492,Personal,Paid Off,37132.25,PA
1463,2023-11-06,218,31321.65,6.44,60,756.0,0.4866,Auto,Paid Off,463001.81,New Jersey
1464,2025-04-21,2070,25388.86,15.25,84,581.0,0.3088,Home Improvement,Current,36186.27,TX
1465,2022-12-31,1980,18682.23,6.52,60,723.0,0.143,Home Improvement,Current,174743.07,NC
1466,2022-07-09,2241,23432.03,12.93,36,686.0,0.0987,Personal,Current,105675.67,New York
1467,2016-01-02,1747,157971.71,8.6,36,730.0,0.3856,Business,Current,37807.27,NC
1468,2018-10-08,1495,35012.96,14.14,60,623.0,0.1639,Home Improvement,Delinquent,173697.5,CO
1469,2021-09-09,23,24154.44,11.98,60,693.0,0.2173,Personal,Current,35332.82,AZ
1470,2020-09-20,712,45660.73,16.28,84,585.0,0.4034,Education,Current,26557.99,DE
1471,2018-12-22,1158,345720.97,19.56,84,597.0,0.0896,Business,Current,482739.44,New Jersey
1472,2023-03-26,1511,54289.99,12.89,84,552.0,0.4713,Auto,Delinquent,36266.53,MD
1473,2023-03-09,872,37168.69,16.87,36,631.0,0.4085,Home Improvement,Delinquent,42572.35,CT
1474,2018-04-03,1503,76024.07,15.56,120,500.0,0.4948,Home Improvement,Current,225232.61,NJ
1475,2020-07-06,11,41114.73,20.58,36,613.0,0.2541,Home Improvement,Current,120071.86,NC
1476,2019-06-19,1789,24284.41,6.25,60,807.0,0.1143,Auto,Current,49495.98,PA
1477,2022-11-30,2381,12879.81,13.36,120,593.0,0.4033,Home Improvement,Paid Off,49425.63,WA
1478,2021-01-06,1742,52997.72,10.45,60,654.0,0.4628,Home Improvement,Paid Off,37093.25,FL
1479,2022-05-13,1316,73664.28,11.72,84,672.0,0.4345,Home Improvement,Default,522943.47,NJ
1480,2020-06-20,755,45911.85,19.67,120,635.0,0.4159,Personal,Current,28869.31,PA
1481,2016-01-30,627,31061.77,6.69,84,704.0,0.3117,Personal,Current,34627.95,NJ
1482,2021-10-06,1775,41058.43,12.21,36,603.0,0.5111,Personal,Paid Off,40545.41,MD
1483,2021-05-01,1506,150858.9,20.32,60,597.0,0.2133,Business,Current,33458.34,MA
1484,2018-07-27,130,44705.67,7.86,60,741.0,0.2971,Home Improvement,Paid Off,45223.22,NY
1485,2022-03-14,844,48215.93,9.24,60,652.0,0.5381,Auto,Current,92638.68,PA
1486,2023-03-03,324,202808.55,9.22,120,685.0,0.242,Business,Current,33494.31,AZ
1487,2021-05-23,1740,29083.05,12.72,36,584.0,0.1659,Home Improvement,Current,86160.15,MD
1488,2018-10-03,1757,32251.16,20.63,120,591.0,0.2428,Education,Current,35411.78,OH
1489,2020-09-10,1285,26759.89,6.96,84,779.0,0.4961,Home Improvement,Default,48159.43,WA
1490,2021-02-20,2446,15692.47,8.84,84,739.0,0.2853,Personal,Current,313104.22,PA
1491,2020-04-19,15,263656.82,12.37,84,686.0,0.4611,Business,Current,30365.93,FL
1492,2022-07-09,948,183784.09,6.79,36,741.0,0.5447,Business,Current,56073.96,GA
1493,2018-02-04,216,60806.15,14.94,36,573.0,0.3585,Education,Current,410734.63,TX
1494,2020-03-18,2097,52118.97,6.76,36,708.0,0.1775,Auto,Current,34820.46,NY
1495,2020-11-23,1988,31198.51,6.75,60,711.0,0.1636,Auto,Paid Off,37101.37,IL
1496,2016-11-09,1183,42178.71,17.27,120,627.0,0.5491,Home Improvement,Paid Off,38253.13,DE
1497,2020-08-30,2348,29106.24,13.73,84,631.0,0.2842,Education,Current,234886.6,DE
1498,2022-03-30,1676,417267.94,7.4,84,717.0,0.4202,Business,Current,41201.19,MD
1499,2019-09-25,865,3319.83,9.89,60,,0.4341,Personal,Current,25746.26,NJ
1500,2023-09-04,517,62726.62,18.94,120,614.0,0.4153,Home Improvement,Default,40668.26,NY
1501,2016-12-14,598,26801.83,6.37,36,761.0,0.353,Home Improvement,Current,39714.1,PA
1502,2021-02-04,196,41982.87,16.63,60,618.0,0.23,Education,Current,28038.07,CA
1503,2022-06-12,1278,224448.5,13.25,84,639.0,0.1671,Business,Paid Off,30564.85,IL
1504,2021-10-02,289,43272.39,12.79,84,603.0,0.3411,Home Improvement,Paid Off,414712.49,NY
1505,2019-06-09,951,36885.54,14.08,84,511.0,0.1286,Business,Paid Off,42988.83,NY
1506,2018-04-07,2375,87851.34,4.64,60,755.0,0.3391,Education,Paid Off,25345.14,IL
1507,2023-12-31,1874,9171.42,9.09,120,708.0,0.4537,Auto,Current,51260.33,CT
1508,2024-11-29,2406,70660.35,6.04,84,817.0,0.3203,Home Improvement,Delinquent,25232.22,TX
1509,2023-07-06,1121,39487.53,17.9,60,580.0,0.1696,Home Improvement,Paid Off,25933.54,MA
1510,2020-10-19,1615,34828.4,9.87,60,668.0,0.2592,Home Improvement,Current,26152.53,MA
1511,2018-06-19,550,24022.52,9.49,36,731.0,0.1701,Auto,Current,375675.78,IL
1512,2021-05-22,157,41160.65,12.0,120,687.0,0.3952,Home Improvement,Paid Off,28798.18,NC
1513,2020-12-28,420,23980.49,15.38,36,585.0,0.1582,Home Improvement,Current,57123.15,TX
1514,2024-04-21,923,12589.88,8.51,60,715.0,0.4721,Auto,Current,27320.64,NY
1515,2020-05-26,2513,35123.56,12.46,60,598.0,0.3382,Education,Current,573682.27,MI
1516,2017-10-04,478,42982.92,18.12,36,639.0,0.2804,Home Improvement,Delinquent,29110.63,NY
1517,2019-09-25,2296,123656.15,9.83,84,704.0,0.09,Business,Current,123458.93,NC
1518,2015-04-11,2179,78810.79,20.22,120,589.0,0.4958,Education,Delinquent,133143.58,NY
1519,2018-03-30,1472,14157.65,12.69,84,662.0,0.4267,Home Improvement,Current,38123.83,IL
1520,2017-07-21,554,60894.25,9.48,36,731.0,0.0987,Education,Current,37061.2,NJ
1521,2020-03-05,1203,49015.85,16.3,120,535.0,0.1649,Auto,Default,29626.74,GA
1522,2020-11-02,391,55034.48,9.88,36,682.0,0.4919,Home Improvement,Current,461914.44,VA
1523,2023-06-27,579,47092.87,20.39,60,608.0,0.2456,Business,Paid Off,75516.22,CA
1524,2016-04-30,2509,69577.41,4.72,60,827.0,0.5096,Home Improvement,Paid Off,28264.8,TX
1525,2024-10-25,2092,37446.79,14.37,120,594.0,0.4434,Personal,Current,417580.78,NJ
1526,2021-11-11,2289,65741.61,7.42,36,701.0,0.1886,Home Improvement,Current,25962.61,PA
1527,2022-06-26,821,27375.23,9.56,36,691.0,0.3249,Auto,Current,33064.03,VA
1528,2020-10-13,2416,34994.78,18.09,60,613.0,0.363,Home Improvement,Current,26513.68,NY
1529,2017-06-18,1007,45436.84,13.25,120,680.0,0.352,Home Improvement,Current,28066.79,NJ
1530,2018-10-17,1249,13624.07,5.9,84,792.0,0.1133,Personal,Current,39874.58,NY
1531,2018-08-06,2150,15944.23,17.65,60,635.0,0.1179,Personal,Current,30438.02,IL
1532,2020-07-07,665,21696.36,8.7,60,714.0,0.2804,Auto,Current,39856.55,Pennsylvania
1533,2021-12-13,2237,140978.93,10.86,120,670.0,0.3519,Business,Current,37219.72,MN
1534,2019-07-27,143,78823.37,20.11,60,582.0,0.1679,Home Improvement,Default,27951.92,VA
1535,2015-11-17,2197,66034.31,10.63,36,681.0,0.118,Home Improvement,Default,30114.25,DE
1536,2024-08-19,1875,67195.94,5.45,60,803.0,0.1698,Education,Delinquent,401321.84,NJ
1537,2021-09-15,422,22287.99,15.77,36,529.0,0.1972,Personal,Delinquent,32982.27,NY
1538,2017-02-03,800,27220.13,11.73,60,698.0,0.4123,Home Improvement,Current,31883.66,Pennsylvania
1539,2020-05-21,616,95613.95,6.94,36,702.0,0.4184,Education,Current,26832.83,TX
1540,2021-11-01,1319,55516.98,12.65,84,631.0,0.2427,Auto,Delinquent,26158.85,NY
1541,2020-06-07,296,435836.62,9.97,60,714.0,0.4631,Business,Current,444889.53,PA
1542,2018-11-20,402,19109.36,8.41,84,734.0,0.5422,Home Improvement,Current,495599.37,PA
1543,2017-07-17,89,38813.25,12.95,60,691.0,0.5484,Home Improvement,Current,48563.86,CA
1544,2017-09-18,2230,78869.73,12.19,60,556.0,0.0815,Home Improvement,Default,76214.55,MD
1545,2022-05-08,2485,40827.49,7.25,84,734.0,0.3054,Auto,Current,36455.54,CO
1546,2022-12-27,132,459825.27,12.73,36,617.0,0.0829,Business,Current,33885.18,MD
1547,2023-06-10,1616,56977.48,9.05,36,708.0,0.3425,Home Improvement,Current,34373.15,MI
1548,2021-12-08,1605,10943.51,15.58,60,608.0,0.5118,Home Improvement,Current,410266.71,DE
1549,2024-03-17,1714,57814.85,14.59,60,606.0,0.5041,Auto,Paid Off,330986.47,MD
1550,2023-07-28,1403,14490.96,16.33,60,630.0,0.3462,Personal,Current,38316.73,CT
1551,2017-04-04,2074,38729.0,9.28,84,685.0,0.3896,Business,Current,24989.35,MA
1552,2020-07-27,2190,49977.91,17.67,60,594.0,0.3664,Personal,Current,94891.86,PA
1553,2015-07-14,1189,75001.94,20.77,84,581.0,0.4524,Education,Delinquent,37264.66,CO
1554,2019-05-01,725,11647.26,5.17,120,786.0,0.2678,Auto,Current,105676.66,NJ
1555,2018-11-27,1315,46251.84,12.26,36,616.0,0.4477,Auto,Paid Off,38885.74,DE
1556,2023-02-08,1816,50376.5,13.71,120,603.0,0.2944,Auto,Current,154244.27,CA
1557,2018-08-29,270,50944.0,5.29,60,831.0,0.3171,Home Improvement,Current,434506.19,OH
1558,2017-02-05,1829,47180.14,4.85,120,796.0,0.411,Auto,Paid Off,44113.6,CT
1559,2017-11-05,2430,19360.31,17.65,60,615.0,0.2749,Personal,Current,40635.96,NY
1560,2017-07-30,1373,39499.07,17.47,60,605.0,0.4413,Home Improvement,Current,31569.05,NC
1561,2021-01-26,918,62365.6,10.91,60,671.0,0.1917,Business,Current,493426.17,NJ
1562,2017-07-25,1692,58260.44,13.7,36,605.0,0.5192,Home Improvement,Current,32270.89,GA
1563,2016-08-18,1320,61796.14,20.22,36,629.0,0.4616,Education,Current,36229.66,NY
1564,2024-10-05,2359,37520.22,17.49,84,544.0,0.5086,Auto,Delinquent,373784.28,DE
1565,2018-06-20,588,37308.72,9.3,84,650.0,0.2484,Personal,Current,38463.96,CO
1566,2020-12-05,2080,68348.36,7.04,60,793.0,0.3671,Home Improvement,Current,36065.1,TX
1567,2020-12-23,2516,99393.75,10.96,84,694.0,0.4669,Education,Current,36240.82,GA
1568,2018-02-10,376,16073.45,8.58,60,,0.3396,Home Improvement,Current,240903.43,TX
1569,2019-09-16,334,6886.51,14.19,36,630.0,0.4277,Personal,Paid Off,37147.22,PA
1570,2022-12-18,1840,72071.2,10.01,60,697.0,0.2106,Home Improvement,Current,543331.74,PA
1571,2018-04-24,2373,45166.77,17.2,36,522.0,0.1605,Home Improvement,Current,201725.41,GA
1572,2023-01-23,1119,62421.3,9.3,60,698.0,0.5031,Home Improvement,Delinquent,223772.04,GA
1573,2018-06-25,1443,31286.74,8.5,60,740.0,0.3539,Auto,Current,35978.12,TX
1574,2024-06-10,911,466345.78,5.18,84,819.0,0.2382,Business,Paid Off,34131.36,MA
1575,2023-11-06,777,38125.51,7.13,60,713.0,0.1722,Home Improvement,Current,295433.3,NY
1576,2021-09-18,1792,15355.05,15.09,36,626.0,0.4777,Home Improvement,Paid Off,26375.19,MA
1577,2018-02-13,329,74365.79,6.87,60,842.0,0.1688,Education,Current,40927.69,NJ
1578,2020-11-28,1343,42926.87,6.1,84,827.0,0.0962,Home Improvement,Current,24471.23,PA
1579,2019-10-10,321,39753.52,12.98,36,684.0,0.2339,Home Improvement,Delinquent,27981.84,MN
1580,2021-09-08,2054,6464.45,11.86,60,688.0,0.1116,Personal,Current,462292.24,CT
1581,2022-02-09,13,41427.48,5.71,60,773.0,0.2182,Auto,Paid Off,465897.65,WA
1582,2023-10-06,898,33099.67,8.09,60,712.0,0.3535,Personal,Current,49170.8,DE
1583,2020-06-14,172,34578.33,4.81,84,757.0,0.1778,Auto,Paid Off,384085.89,New York
1584,2018-12-28,261,42784.34,7.83,60,717.0,0.4037,Auto,Current,38093.14,MA
1585,2023-01-05,1914,29646.49,6.31,84,766.0,0.1316,Home Improvement,Paid Off,45265.82,IL
1586,2019-04-10,690,32001.03,16.15,120,591.0,0.4314,Auto,Current,170685.45,NC
1587,2022-05-02,902,50848.53,14.34,60,615.0,0.5142,Home Improvement,Current,36799.67,TX
1588,2023-09-26,259,28794.55,12.81,36,689.0,0.1268,Auto,Delinquent,289613.16,PA
1589,2024-02-12,845,334176.79,8.49,36,737.0,0.3604,Business,Current,54875.76,MD
1590,2022-07-20,2326,48662.62,9.46,60,740.0,0.314,Auto,Current,494368.79,NY
1591,2018-11-28,139,27936.8,9.74,120,663.0,0.241,Auto,Current,489270.12,VA
1592,2020-12-10,1574,71980.67,9.84,36,667.0,0.3961,Home Improvement,Current,42031.5,NY
1593,2021-02-01,320,59571.89,13.67,60,605.0,0.5393,Home Improvement,Delinquent,347497.5,PA
1594,2020-03-02,654,8822.78,8.65,84,710.0,0.4591,Auto,Current,403206.2,DE
1595,2019-01-09,1946,27388.93,12.43,84,692.0,0.2816,Auto,Current,27752.91,VA
1596,2022-08-22,2427,88254.44,14.32,120,582.0,0.2689,Business,Current,460769.8,MD
1597,2019-12-25,559,43391.03,8.89,60,742.0,0.2471,Education,Current,42616.48,NJ
1598,2022-04-23,140,58853.44,7.47,60,743.0,0.3645,Auto,Current,28962.35,VA
1599,2020-12-20,113,38480.68,20.65,60,579.0,0.5231,Auto,Delinquent,36913.01,VA
1600,2015-09-14,532,2805.24,6.9,120,758.0,0.2375,Personal,Current,36960.49,GA
1601,2017-03-30,225,54933.27,18.72,36,628.0,0.0943,Home Improvement,Delinquent,29373.42,FL
1602,2022-12-29,724,11525.57,15.86,60,602.0,0.1105,Auto,Current,50054.32,PA
1603,2019-07-05,2456,73241.26,12.17,84,656.0,0.1916,Education,Current,235845.11,CT
1604,2022-06-22,2159,44471.95,16.88,36,589.0,0.495,Auto,Paid Off,435970.98,IL
1605,2021-03-18,1434,35199.46,16.57,84,626.0,0.5056,Personal,Current,26095.65,NJ
1606,2022-12-28,326,8187.66,12.92,36,685.0,0.1461,Auto,Current,556065.48,NY
1607,2020-04-02,1324,22145.66,9.59,60,701.0,0.2026,Education,Paid Off,543549.58,Illinois
1608,2018-07-21,1990,35809.84,8.91,36,,0.2773,Personal,Paid Off,41770.1,PA
1609,2017-09-17,1459,52156.06,19.05,36,636.0,0.41,Education,Current,60989.38,NY
1610,2017-05-15,1729,73578.77,14.0,36,636.0,0.4763,Home Improvement,Current,88915.84,PA
1611,2021-01-12,2271,69875.58,9.21,60,658.0,0.4498,Home Improvement,Current,554567.21,OH
1612,2016-03-25,715,34976.85,14.32,84,614.0,0.2991,Education,Paid Off,43848.87,NJ
1613,2015-08-05,847,42232.44,11.83,84,,0.5315,Personal,Paid Off,26882.11,PA
1614,2018-12-27,194,43381.27,8.32,36,714.0,0.0986,Auto,Delinquent,462372.25,NY
1615,2019-05-15,1976,40403.37,7.62,84,739.0,0.4134,Auto,Current,38198.27,CA
1616,2022-02-26,574,45121.45,11.25,60,678.0,0.4953,Education,Current,37181.67,TX
1617,2023-10-03,947,91889.45,12.77,60,563.0,0.4682,Education,Paid Off,446723.54,NY
1618,2018-09-30,504,14695.97,15.01,36,601.0,0.1611,Home Improvement,Paid Off,65326.32,TX
1619,2023-12-25,2047,10849.35,8.96,120,708.0,0.3777,Auto,Current,637012.87,CA
1620,2022-05-09,1845,11496.1,17.34,36,614.0,0.3361,Auto,Current,28669.89,TX
1621,2021-01-03,646,440943.53,8.81,60,724.0,0.1458,Business,Current,563706.3,NY
1622,2020-01-18,4,277668.71,18.25,120,634.0,0.1177,Business,Current,102240.11,TX
1623,2021-11-13,1826,36326.75,12.47,36,665.0,0.1097,Home Improvement,Current,586677.98,NJ
1624,2017-02-27,468,16799.7,20.19,60,630.0,0.4525,Personal,Default,24427.38,TX
1625,2016-09-26,1346,31526.98,18.29,36,644.0,0.3274,Home Improvement,Current,24342.57,NJ
1626,2020-09-13,6,70733.04,5.0,120,819.0,0.3724,Home Improvement,Current,164099.12,IL
1627,2019-06-26,1247,19087.13,5.94,36,785.0,0.421,Auto,Current,24260.46,TX
1628,2017-03-31,920,305620.87,5.94,36,834.0,0.4326,Business,Current,26079.22,CT
1629,2017-04-14,548,12695.01,11.74,60,652.0,0.2461,Auto,Current,485278.99,FL
1630,2021-03-18,229,31596.71,13.55,60,582.0,0.4845,Auto,Current,24213.09,CA
1631,2024-02-12,1064,61845.47,15.21,60,622.0,0.3971,Home Improvement,Current,41874.76,MN
1632,2016-04-27,543,186302.49,9.04,120,,0.4286,Business,Current,44377.0,NY
1633,2025-02-23,243,21579.81,13.37,36,617.0,0.4803,Auto,Paid Off,28797.39,CA
1634,2019-09-25,899,16363.15,12.21,60,678.0,0.2305,Personal,Current,649768.69,MA
1635,2018-06-02,1898,31171.19,14.4,36,648.0,0.1453,Home Improvement,Current,35195.25,NY
1636,2020-08-15,1161,85896.08,10.76,84,674.0,0.4659,Business,Current,28454.31,NY
1637,2020-05-23,2027,11022.92,7.32,84,708.0,0.1132,Personal,Current,36224.5,CA
1638,2018-05-29,2112,52399.53,7.09,36,728.0,0.1558,Home Improvement,Current,31162.68,NJ
1639,2023-09-26,2324,158962.34,5.74,60,755.0,0.4321,Business,Current,26357.8,MA
1640,2018-06-08,1859,11168.09,12.99,60,687.0,0.5256,Home Improvement,Current,633136.36,GA
1641,2020-07-10,843,451165.93,20.7,60,590.0,0.2789,Business,Current,37567.04,Pennsylvania
1642,2018-11-09,1374,53435.59,10.78,36,651.0,0.436,Auto,Delinquent,178109.54,CA
1643,2021-04-17,2129,20815.93,9.1,60,699.0,0.3141,Education,Current,126492.55,NC
1644,2018-02-07,1834,45544.37,7.01,84,702.0,0.4639,Auto,Paid Off,58491.84,NC
1645,2023-11-01,1527,64816.37,14.92,60,605.0,0.1131,Home Improvement,Paid Off,78212.84,DE
1646,2018-05-29,1606,43659.56,5.39,120,831.0,0.2237,Home Improvement,Current,236473.99,MD
1647,2022-07-16,277,12831.7,11.41,60,673.0,0.4754,Personal,Paid Off,42637.16,NJ
1648,2023-09-21,662,26582.14,6.52,60,714.0,0.1767,Auto,Current,459459.17,GA
1649,2024-10-04,1876,63991.19,17.6,84,588.0,0.5456,Business,Paid Off,50923.5,MA
1650,2022-05-11,2138,459993.92,15.1,84,583.0,0.1294,Business,Current,38841.3,MA
1651,2020-03-14,2382,57737.1,17.57,60,580.0,0.0876,Home Improvement,Current,27738.72,FL
1652,2025-09-23,1909,38229.55,6.2,84,756.0,0.3315,Personal,Current,233552.57,PA
1653,2022-08-10,315,217986.45,11.2,60,666.0,0.2693,Business,Current,41828.86,PA
1654,2016-03-27,1467,24124.88,6.81,60,778.0,0.5378,Auto,Current,30551.73,TX
1655,2022-12-18,1344,43619.08,18.49,36,644.0,0.1053,Personal,Paid Off,379020.97,CO
1656,2025-02-22,2225,25851.23,20.73,60,623.0,0.283,Personal,Current,36413.05,MI
1657,2021-12-01,692,33732.4,12.58,84,660.0,0.4404,Education,Current,26533.12,MA
1658,2019-10-07,1542,121798.81,5.09,36,843.0,0.4473,Business,Current,26515.93,TX
1659,2019-08-18,613,77856.22,19.48,36,648.0,0.3533,Home Improvement,Current,24503.66,CT
1660,2017-02-19,425,74307.13,7.43,36,764.0,0.2019,Home Improvement,Current,42516.18,TX
1661,2022-04-02,1578,15344.84,12.84,60,691.0,0.4703,Home Improvement,Paid Off,35964.1,TX
1662,2020-06-13,595,43064.43,14.84,120,550.0,0.0926,Auto,Current,54024.17,Pennsylvania
1663,2020-10-20,2501,10606.39,10.56,60,672.0,0.4626,Home Improvement,Paid Off,31608.71,VA
1664,2021-06-21,2001,26477.76,11.54,36,651.0,0.3303,Auto,Current,302936.1,NC
1665,2019-02-04,623,36172.16,8.75,36,710.0,0.3194,Home Improvement,Delinquent,30931.45,CT
1666,2020-01-29,2168,21911.86,9.66,84,662.0,0.0888,Auto,Paid Off,42303.53,CA
1667,2022-09-10,1494,473721.29,12.24,120,679.0,0.4113,Business,Paid Off,29613.59,NJ
1668,2020-02-11,1670,39288.57,7.44,60,724.0,0.22,Home Improvement,Current,31045.74,PA
1669,2019-04-21,228,32279.58,12.77,84,584.0,0.5274,Home Improvement,Current,27967.01,PA
1670,2018-10-02,1780,41106.31,4.69,84,776.0,0.4162,Personal,Current,646590.98,MN
1671,2021-04-28,1170,34448.32,18.08,120,641.0,0.3984,Home Improvement,Paid Off,35927.14,MI
1672,2021-05-17,109,47641.58,9.96,60,716.0,0.5113,Personal,Paid Off,531043.01,Pennsylvania
1673,2016-01-14,1749,75496.55,20.67,60,589.0,0.1406,Home Improvement,Current,32876.11,WA
1674,2018-02-04,67,48342.65,5.87,120,787.0,0.3154,Auto,Paid Off,390369.04,CA
1675,2023-02-08,1418,26963.36,9.98,36,689.0,0.2231,Auto,Paid Off,36241.18,MD
1676,2019-06-25,2277,104699.08,16.75,60,592.0,0.412,Business,Current,105737.11,NJ
1677,2020-04-01,25,14184.22,7.02,36,719.0,0.0912,Auto,Paid Off,438028.47,NJ
1678,2020-05-01,1236,36619.62,7.74,60,742.0,0.121,Auto,Paid Off,33050.26,PA
1679,2024-12-22,2090,17737.68,9.85,36,732.0,0.1014,Personal,Current,38275.48,PA
1680,2017-08-28,145,44087.57,11.08,36,674.0,0.3234,Personal,Current,29761.4,PA
1681,2018-05-23,537,66471.18,15.88,84,604.0,0.5371,Home Improvement,Current,34878.43,OH
1682,2018-01-25,812,14052.01,4.81,60,795.0,0.1095,Home Improvement,Paid Off,33374.11,VA
1683,2023-05-26,1784,50413.54,15.28,60,636.0,0.3782,Home Improvement,Current,45005.49,NY
1684,2018-09-14,1498,169204.57,11.5,120,696.0,0.3012,Business,Current,34603.04,GA
1685,2019-07-10,86,72033.49,18.57,36,644.0,0.2894,Home Improvement,Paid Off,32759.65,TX
1686,2024-01-12,1255,40095.35,4.98,120,787.0,0.4525,Personal,Current,28703.51,NC
1687,2022-01-14,2087,15318.34,5.12,120,790.0,0.17,Home Improvement,Current,54576.5,PA
1688,2017-09-22,2067,16882.08,19.17,84,634.0,0.437,Auto,Paid Off,53695.81,PA
1689,2024-03-01,1871,499030.58,16.89,36,558.0,0.2123,Business,Paid Off,28398.09,AZ
1690,2021-01-28,1715,49001.89,10.63,36,686.0,0.3651,Personal,Current,415683.99,NJ
1691,2023-07-03,485,36377.75,9.85,120,730.0,0.3048,Education,Delinquent,241264.83,FL
1692,2021-01-21,1655,49997.86,4.6,36,816.0,0.5099,Auto,Current,44966.41,CA
1693,2023-03-17,2249,68765.22,20.53,120,601.0,0.0851,Home Improvement,Current,27573.85,CT
1694,2022-01-15,2411,487175.61,8.95,36,749.0,0.3924,Business,Current,50574.42,PA
1695,2018-11-05,739,77535.99,11.6,120,676.0,0.5324,Business,Paid Off,24452.58,Florida
1696,2021-10-22,1819,42250.09,9.75,60,695.0,0.2116,Home Improvement,Current,25088.25,NJ
1697,2017-12-23,2211,77000.35,10.14,60,669.0,0.3828,Education,Current,29556.02,NJ
1698,2024-01-14,2487,21892.38,17.74,60,612.0,0.3922,Education,Paid Off,28547.39,MA
1699,2020-11-20,1791,56113.51,9.63,36,686.0,0.2002,Education,Current,99176.29,MA
1700,2021-01-04,363,75972.48,16.2,60,645.0,0.4204,Home Improvement,Delinquent,37140.69,MD
1701,2021-04-08,750,6660.84,13.33,60,686.0,0.2242,Personal,Current,40603.59,NJ
1702,2024-04-07,1831,12576.28,12.77,60,699.0,0.141,Personal,Delinquent,531579.72,PA
1703,2018-01-10,1647,55586.88,13.54,36,613.0,0.1004,Education,Current,31432.73,MI
1704,2019-02-05,1027,76821.57,13.0,84,586.0,0.2498,Home Improvement,Current,34950.33,NY
1705,2018-09-26,1031,13711.49,7.16,120,819.0,0.4893,Education,Current,257153.22,MD
1706,2018-12-29,1919,72407.0,6.55,120,779.0,0.4583,Home Improvement,Paid Off,49118.95,IL
1707,2015-12-17,1336,38740.61,11.35,120,683.0,0.2183,Personal,Paid Off,231606.19,WA
1708,2023-04-15,2081,74572.26,5.11,84,750.0,0.2657,Education,Current,421242.74,NJ
1709,2023-09-24,1717,59623.13,13.55,84,588.0,0.1108,Auto,Delinquent,517481.52,PA
1710,2024-07-13,666,57946.9,10.99,84,674.0,0.3756,Auto,Current,37013.38,TX
1711,2024-04-11,365,11177.91,12.22,84,656.0,0.1319,Education,Paid Off,530795.31,OH
1712,2022-07-25,2221,14393.64,9.94,120,742.0,0.1373,Personal,Current,35467.48,PA
1713,2020-06-11,1240,28029.33,9.17,120,746.0,0.238,Auto,Current,28280.6,OH
1714,2020-01-03,78,28138.1,14.62,60,627.0,0.237,Home Improvement,Paid Off,138571.7,MD
1715,2020-09-16,28,59250.42,15.14,84,646.0,0.4302,Home Improvement,Default,274686.5,MA
1716,2019-08-30,474,59065.54,13.66,120,588.0,0.3485,Auto,Current,634721.48,TX
1717,2023-10-04,526,107198.46,11.12,60,687.0,0.1426,Business,Current,45256.75,NJ
1718,2020-11-16,726,74030.95,12.06,60,519.0,0.4188,Home Improvement,Delinquent,33240.98,MI
1719,2020-05-30,56,13345.41,17.55,36,557.0,0.4371,Auto,Paid Off,53906.38,CT
1720,2018-01-31,639,31196.78,7.03,36,841.0,0.5493,Personal,Paid Off,505879.76,NY
1721,2023-02-06,303,40147.67,16.95,60,618.0,0.4018,Education,Current,26148.79,NY
1722,2019-09-19,719,24238.89,13.24,36,622.0,0.1401,Personal,Paid Off,33625.2,DE
1723,2017-03-31,2195,51741.57,8.14,84,748.0,0.1891,Auto,Paid Off,29155.68,CO
1724,2015-09-06,1922,58859.9,9.4,60,722.0,0.5312,Auto,Current,24666.92,NY
1725,2021-04-10,625,42655.6,6.74,120,712.0,0.2789,Personal,Current,268329.23,PA
1726,2017-09-05,8,424197.83,6.55,84,798.0,0.4845,Business,Current,45801.89,IL
1727,2021-07-05,1281,61485.39,9.72,36,665.0,0.4055,Home Improvement,Current,24417.88,NC
1728,2018-10-11,804,73262.3,17.52,84,585.0,0.1413,Business,Paid Off,348328.7,NC
1729,2024-02-08,1050,55074.25,5.79,84,836.0,0.12,Business,Paid Off,28643.81,NY
1730,2022-08-09,337,32007.64,7.16,36,751.0,0.2576,Home Improvement,Default,39305.73,OH
1731,2020-03-09,1597,24664.73,8.7,84,729.0,0.4471,Personal,Current,515039.79,PA
1732,2023-06-24,48,23523.44,14.94,84,502.0,0.4141,Home Improvement,Default,366535.42,NJ
1733,2019-12-02,2175,6352.54,4.97,120,794.0,0.4563,Personal,Current,36429.83,GA
1734,2018-03-04,107,66399.11,9.06,36,710.0,0.362,Business,Current,310796.48,GA
1735,2018-08-15,350,60661.04,7.65,36,726.0,0.4365,Home Improvement,Current,415341.18,MA
1736,2019-05-06,1080,66857.51,7.66,60,732.0,0.5222,Business,Current,36994.64,New Jersey
1737,2021-10-14,239,27462.1,12.08,120,676.0,0.3405,Home Improvement,Current,24643.39,TX
1738,2017-01-30,214,33263.81,9.09,60,689.0,0.4162,Home Improvement,Current,206668.47,VA
1739,2023-11-02,1145,54877.93,20.61,60,588.0,0.5059,Home Improvement,Current,35446.29,MN
1740,2017-12-12,1974,26847.05,19.97,84,543.0,0.4669,Auto,Paid Off,39548.18,PA
1741,2023-01-10,1810,42750.79,9.15,36,684.0,0.3108,Personal,Current,28471.09,DE
1742,2018-02-27,794,47708.96,13.03,60,609.0,0.3038,Personal,Current,35197.91,TX
1743,2022-05-18,1097,32450.94,10.37,36,670.0,0.2858,Home Improvement,Current,32811.08,TX
1744,2018-02-17,1866,12729.4,16.84,36,643.0,0.2544,Home Improvement,Paid Off,152814.81,NC
1745,2019-01-09,2312,11062.07,14.3,60,636.0,0.1099,Auto,Current,254665.6,OH
1746,2021-10-30,2245,34194.62,13.16,84,614.0,0.315,Education,Delinquent,25317.04,PA
1747,2018-12-10,346,2492.61,5.79,84,828.0,0.2984,Personal,Delinquent,401197.08,WA
1748,2017-02-02,524,23165.65,5.02,60,850.0,0.1159,Personal,Delinquent,29250.75,NY
1749,2018-09-27,233,16156.56,6.57,84,782.0,0.4512,Home Improvement,Paid Off,85530.93,MD
1750,2018-11-09,645,72659.95,12.12,84,607.0,0.365,Education,Paid Off,26662.3,CA
1751,2022-09-22,1968,54472.57,15.77,120,586.0,0.1195,Auto,Paid Off,209149.64,DE
1752,2020-10-04,2193,31598.67,20.96,84,550.0,0.5364,Personal,Current,33713.96,FL
1753,2019-06-02,1429,72159.96,6.97,84,703.0,0.1849,Home Improvement,Default,34763.37,MD
1754,2018-01-07,534,38508.7,10.08,120,692.0,0.2945,Home Improvement,Current,34674.46,FL
1755,2020-05-29,2194,52973.8,4.61,84,774.0,0.3789,Home Improvement,Current,105646.99,PA
1756,2021-08-12,604,16547.8,12.36,84,682.0,0.1555,Personal,Current,27018.28,VA
1757,2019-02-04,1490,38866.59,11.38,60,683.0,0.2105,Personal,Current,27101.58,WA
1758,2024-11-29,1908,17348.8,4.51,60,840.0,0.304,Personal,Delinquent,53742.3,GA
1759,2017-06-18,1427,38474.41,20.14,60,589.0,0.0983,Home Improvement,Delinquent,32718.3,MN
1760,2017-11-17,1075,84743.97,18.03,120,610.0,0.2498,Education,Paid Off,268315.87,PA
1761,2015-06-28,2064,40251.12,18.15,60,614.0,0.3559,Home Improvement,Default,525530.81,NJ
1762,2021-01-27,61,37966.99,19.89,60,626.0,0.23,Personal,Paid Off,56006.72,CT
1763,2016-09-26,1991,16660.49,8.74,36,703.0,0.4275,Personal,Current,61877.1,CT
1764,2019-12-06,93,79156.73,7.19,36,733.0,0.2726,Home Improvement,Current,34200.83,NY
1765,2021-08-11,667,169198.52,8.1,36,732.0,0.3196,Business,Current,30343.57,FL
1766,2022-05-03,1767,39588.1,6.92,36,841.0,0.4696,Personal,Current,57131.21,PA
1767,2021-08-24,2269,75488.34,6.22,60,791.0,0.3832,Education,Current,88713.38,PA
1768,2025-05-04,281,22457.4,20.83,60,600.0,0.4515,Education,Delinquent,362593.06,FL
1769,2017-07-02,1720,305730.79,18.91,60,584.0,0.4693,Business,Current,207997.58,MD
1770,2019-06-24,1772,8785.24,9.64,60,678.0,0.185,Personal,Current,35140.73,IL
1771,2020-10-18,360,56815.5,9.85,36,745.0,0.1333,Auto,Current,25647.17,CO
1772,2022-08-15,2432,432401.32,12.27,84,557.0,0.3411,Business,Current,283505.8,FL
1773,2023-07-04,1544,39093.46,17.46,60,645.0,0.4022,Auto,Current,427525.01,NY
1774,2018-01-21,1398,33887.02,9.55,36,709.0,0.3144,Home Improvement,Current,454429.29,DE
1775,2018-08-15,1852,4643.67,12.19,60,690.0,0.538,Personal,Current,27090.35,GA
1776,2021-12-19,848,16725.73,13.99,84,622.0,0.3889,Personal,Paid Off,202574.0,FL
1777,2024-10-06,1207,63966.19,15.8,60,635.0,0.4461,Business,Paid Off,389603.77,MA
1778,2020-03-29,2223,31669.94,20.1,36,644.0,0.4221,Personal,Current,545566.78,PA
1779,2019-02-06,761,46154.61,10.92,60,664.0,0.0988,Auto,Current,294726.28,MI
1780,2024-09-14,111,6942.98,7.85,36,731.0,0.3744,Personal,Current,30858.63,PA
1781,2022-01-01,1776,22128.85,17.02,84,629.0,0.4538,Personal,Current,40102.58,NC
1782,2018-03-09,43,13441.36,18.54,120,640.0,0.2435,Auto,Paid Off,52241.53,NC
1783,2021-10-16,1771,58634.22,14.75,60,632.0,0.3077,Home Improvement,Delinquent,32507.25,VA
1784,2019-05-28,126,20357.37,5.25,84,753.0,0.2299,Personal,Delinquent,462721.04,NJ
1785,2023-03-29,205,41317.26,12.86,60,686.0,0.2358,Auto,Delinquent,33588.4,NJ
1786,2019-11-02,1474,58301.52,7.39,36,706.0,0.1706,Home Improvement,Current,29124.53,MI
1787,2017-06-29,53,16529.84,14.51,60,618.0,0.3473,Home Improvement,Current,511967.72,CA
1788,2020-07-31,546,14121.14,14.27,60,623.0,0.4406,Home Improvement,Paid Off,29885.6,TX
1789,2020-05-02,69,47195.28,9.8,60,711.0,0.3335,Auto,Current,545131.48,OH
1790,2018-12-14,2496,51690.51,15.51,120,588.0,0.2329,Auto,Paid Off,25748.51,GA
1791,2023-01-04,2002,59162.4,8.03,36,708.0,0.391,Home Improvement,Current,37597.69,TX
1792,2021-12-20,2220,275057.24,14.38,60,596.0,0.4185,Business,Delinquent,298076.24,CA
1793,2022-01-09,2010,14885.57,5.89,60,843.0,0.0955,Auto,Current,53399.36,CT
1794,2015-07-05,1425,340473.06,9.14,84,682.0,0.5032,Business,Current,503831.53,PA
1795,2024-07-02,184,19379.83,8.41,84,726.0,0.4688,Home Improvement,Default,36022.27,PA
1796,2016-10-23,138,46482.78,5.37,84,800.0,0.3624,Auto,Current,234854.37,MA
1797,2018-04-23,900,29033.89,12.3,120,661.0,0.4406,Auto,Current,37594.49,PA
1798,2022-05-29,797,19897.67,11.49,36,662.0,0.3543,Home Improvement,Current,44177.0,VA
1799,2019-04-24,133,67695.88,12.9,84,608.0,0.2906,Home Improvement,Paid Off,527689.95,VA
1800,2018-02-09,81,46402.65,18.56,84,585.0,0.3969,Personal,Paid Off,29597.89,WA
1801,2018-06-01,1587,20636.15,6.83,60,718.0,0.2286,Home Improvement,Current,433528.37,MD
1802,2021-02-24,2180,6018.5,5.72,60,755.0,0.0946,Personal,Paid Off,61640.37,MN
1803,2018-06-05,759,40906.51,9.64,60,697.0,0.273,Personal,Current,33600.17,Pennsylvania
1804,2017-04-04,542,34908.78,20.51,60,610.0,0.3228,Home Improvement,Paid Off,38231.93,OH
1805,2024-01-11,1020,54662.56,9.41,84,738.0,0.4783,Home Improvement,Current,560309.77,NJ
1806,2018-02-16,1815,21934.95,13.53,84,507.0,0.5013,Home Improvement,Delinquent,245773.93,PA
1807,2016-05-12,984,64751.48,12.03,120,533.0,0.084,Home Improvement,Current,32512.62,NY
1808,2019-04-13,2474,51454.22,9.58,60,662.0,0.5392,Auto,Current,36684.97,MD
1809,2022-02-17,166,37561.0,9.43,84,651.0,0.4273,Auto,Paid Off,43096.92,PA
1810,2023-10-31,249,20310.01,15.23,60,634.0,0.5329,Personal,Delinquent,515980.48,PA
1811,2022-12-17,1332,9008.51,10.43,36,689.0,0.1151,Personal,Current,35397.17,NY
1812,2017-08-06,447,276312.11,6.56,120,749.0,0.2469,Business,Current,49181.87,NY
1813,2023-10-24,1905,54199.9,8.63,36,731.0,0.2956,Home Improvement,Current,95502.83,NJ
1814,2016-12-30,859,33821.61,6.92,36,833.0,0.3887,Auto,Current,32301.69,NJ
1815,2019-12-19,1359,404824.7,11.77,84,683.0,0.1674,Business,Current,178137.82,Florida
1816,2021-09-06,1912,44837.65,7.43,36,824.0,0.4028,Auto,Current,157219.89,NY
1817,2023-06-24,98,75846.75,10.87,84,680.0,0.2428,Education,Current,36409.16,PA
1818,2018-06-10,1843,8578.37,6.69,60,772.0,0.4007,Auto,Current,33412.1,MN
1819,2017-10-25,806,295133.96,9.2,120,703.0,0.2437,Business,Current,38856.03,FL
1820,2020-09-10,738,19740.66,9.55,84,687.0,0.2382,Home Improvement,Current,468480.0,IL
1821,2020-07-21,2390,65975.71,19.53,120,597.0,0.183,Home Improvement,Current,93172.51,PA
1822,2021-01-22,1936,54334.67,8.98,36,737.0,0.2302,Home Improvement,Current,506214.36,PA
1823,2022-01-11,2307,46975.16,15.35,84,631.0,0.2127,Personal,Current,27367.0,TX
1824,2018-06-28,103,65187.34,18.28,84,597.0,0.4369,Education,Current,31935.58,NJ
1825,2018-05-01,435,44459.36,18.27,84,600.0,0.0969,Home Improvement,Current,265755.1,AZ
1826,2020-06-29,75,47523.3,13.2,60,583.0,0.4367,Auto,Current,24764.25,VA
1827,2020-01-06,578,48588.78,19.14,60,560.0,0.5116,Home Improvement,Default,34629.32,MI
1828,2016-09-08,1897,41910.55,8.43,60,704.0,0.4129,Home Improvement,Current,115841.75,VA
1829,2020-11-20,1981,59242.14,9.22,36,654.0,0.3984,Home Improvement,Delinquent,37125.8,AZ
1830,2024-04-01,1231,9579.23,16.53,84,625.0,0.2943,Personal,Delinquent,550063.92,VA
1831,2025-01-31,919,9586.29,8.42,60,745.0,0.4083,Auto,Current,26706.46,AZ
1832,2024-12-26,1327,48087.83,7.45,36,758.0,0.3166,Personal,Current,40227.94,NC
1833,2017-10-29,2340,42372.42,11.92,60,690.0,0.327,Auto,Paid Off,32450.98,PA
1834,2022-04-20,2310,91722.55,8.73,120,717.0,0.5369,Education,Paid Off,33058.51,CO
1835,2017-02-22,2356,21901.23,5.21,60,760.0,0.3563,Auto,Current,371376.94,VA
1836,2018-06-19,763,33772.02,7.26,36,845.0,0.4921,Home Improvement,Delinquent,115076.82,NY
1837,2022-03-17,2137,33653.98,18.66,120,610.0,0.3828,Auto,Paid Off,41086.54,NY
1838,2019-07-28,990,14698.53,13.3,60,651.0,0.5018,Auto,Current,26012.15,PA
1839,2017-08-26,389,66354.3,19.66,60,619.0,0.1436,Home Improvement,Current,28223.51,DE
1840,2018-10-03,236,57867.6,7.57,60,733.0,0.5375,Education,Current,247006.02,CT
1841,2020-01-21,2311,94231.18,7.49,84,802.0,0.1298,Education,Current,579622.49,VA
1842,2017-06-06,268,15526.9,9.78,120,678.0,0.5147,Auto,Current,24149.72,PA
1843,2022-05-12,1330,191082.87,15.06,60,632.0,0.4279,Business,Delinquent,201292.53,MI
1844,2022-10-13,1877,16171.6,12.92,120,678.0,0.2941,Personal,Current,101602.2,Florida
1845,2022-06-28,118,17685.85,5.1,36,779.0,0.1457,Auto,Current,38028.02,NY
1846,2021-07-16,438,60205.29,5.59,84,838.0,0.3931,Home Improvement,Paid Off,33089.08,PA
1847,2021-05-09,674,13128.71,18.94,84,591.0,0.515,Home Improvement,Current,32560.02,VA
1848,2022-12-13,250,43198.35,9.39,36,697.0,0.0902,Auto,Current,36262.66,Pennsylvania
1849,2022-07-16,2151,45820.38,20.23,84,581.0,0.4354,Home Improvement,Current,131521.35,FL
1850,2022-12-12,1575,464615.09,6.83,120,828.0,0.2259,Business,Current,31000.36,MD
1851,2021-04-18,2522,54976.35,12.99,36,,0.4371,Home Improvement,Delinquent,51357.57,MD
1852,2018-03-24,95,59454.79,14.87,84,578.0,0.112,Home Improvement,Paid Off,58101.41,CA
1853,2023-01-24,1948,95024.43,6.56,60,787.0,0.1387,Business,Delinquent,468341.89,MA
1854,2020-10-23,34,32324.11,19.51,84,623.0,0.1617,Personal,Current,34010.35,MD
1855,2024-02-21,2285,46120.59,16.17,60,551.0,0.2692,Home Improvement,Default,36690.64,DE
1856,2022-05-26,2157,11115.49,18.34,60,575.0,0.4034,Home Improvement,Paid Off,29824.6,FL
1857,2018-02-02,2308,36607.23,6.16,84,794.0,0.2525,Home Improvement,Current,505015.3,CT
1858,2019-11-27,449,30162.53,13.59,60,600.0,0.3111,Home Improvement,Current,347310.99,MI
1859,2022-03-21,1470,3376.64,9.18,60,683.0,0.4056,Personal,Current,26889.72,OH
1860,2019-02-02,1796,80173.02,12.74,60,606.0,0.4995,Education,Current,30198.42,NY
1861,2018-02-18,717,68222.75,8.06,120,717.0,0.2114,Home Improvement,Current,42241.76,PA
1862,2021-02-19,1992,21631.67,16.78,120,640.0,0.523,Auto,Current,517612.48,NY
1863,2020-08-02,2198,39295.63,12.17,60,602.0,0.0908,Home Improvement,Delinquent,268283.43,FL
1864,2016-09-15,1,35102.85,10.07,84,666.0,0.4062,Home Improvement,Current,299800.39,PA
1865,2018-04-19,457,167707.06,5.26,84,780.0,0.226,Business,Current,32001.53,OH
1866,2018-09-20,1102,24901.09,7.39,60,803.0,0.2809,Personal,Delinquent,29873.89,MD
1867,2020-07-26,1109,31460.07,19.22,84,618.0,0.3072,Auto,Paid Off,444860.98,CA
1868,2023-10-23,1933,81441.14,8.37,36,724.0,0.3253,Education,Current,65881.29,TX
1869,2017-12-08,83,35244.32,19.18,60,514.0,0.2008,Personal,Current,33119.79,TX
1870,2024-01-26,1482,31135.38,12.06,36,536.0,0.2085,Personal,Default,249110.45,CO
1871,2024-12-01,2441,25735.4,6.78,60,811.0,0.5312,Auto,Paid Off,160601.6,PA
1872,2020-06-05,677,60261.2,11.12,60,687.0,0.1393,Home Improvement,Current,599814.83,CA
1873,2022-06-04,1589,11630.56,12.77,84,695.0,0.2174,Home Improvement,Paid Off,37198.09,AZ
1874,2016-10-03,2149,70943.73,8.01,36,726.0,0.4672,Home Improvement,Current,243163.37,NJ
1875,2021-05-15,1047,54419.5,9.3,36,728.0,0.5318,Home Improvement,Paid Off,34649.03,FL
1876,2019-02-10,1461,78043.66,12.82,60,656.0,0.1079,Home Improvement,Current,27256.32,DE
1877,2018-03-18,771,38390.03,5.43,120,765.0,0.2016,Auto,Paid Off,201212.27,MA
1878,2021-01-31,1669,25185.06,13.05,120,688.0,0.3378,Auto,Current,410730.61,CT
1879,2023-09-11,1917,28391.41,9.8,36,658.0,0.3009,Auto,Current,24276.99,MD
1880,2018-06-03,2015,351710.08,20.92,84,543.0,0.134,Business,Current,588099.3,PA
1881,2023-10-24,518,24402.58,7.27,36,717.0,0.0874,Education,Current,42121.81,CT
1882,2023-11-23,823,12875.95,9.85,36,736.0,0.1352,Auto,Current,31856.41,CA
1883,2023-10-19,405,37225.01,7.65,36,704.0,0.2977,Home Improvement,Current,55944.85,CA
1884,2018-05-12,385,53890.35,18.23,36,580.0,0.4459,Home Improvement,Delinquent,392873.32,NY
1885,2018-12-08,2043,26429.8,14.66,36,627.0,0.1885,Auto,Paid Off,181142.77,VA
1886,2021-11-06,2096,40652.44,18.58,84,646.0,0.1538,Personal,Paid Off,56776.16,NJ
1887,2019-01-26,105,19468.99,11.68,60,657.0,0.2977,Auto,Paid Off,587037.41,FL
1888,2019-08-05,1634,58092.08,13.63,36,647.0,0.1021,Education,Current,401896.3,CA
1889,2020-06-11,2409,47159.02,14.93,60,621.0,0.2141,Home Improvement,Current,34252.66,NY
1890,2018-12-30,689,74872.22,19.14,84,649.0,0.2181,Home Improvement,Current,457317.07,TX
1891,2022-11-08,795,40995.83,6.19,60,779.0,0.4493,Home Improvement,Current,29812.85,WA
1892,2023-05-15,827,53763.82,10.99,84,651.0,0.0937,Auto,Current,503289.46,NJ
1893,2016-07-03,1878,34331.63,8.06,84,711.0,0.1948,Home Improvement,Current,35773.76,NJ
1894,2018-10-17,1241,58807.99,6.3,120,791.0,0.2247,Home Improvement,Current,31722.78,IL
1895,2020-09-22,63,457878.24,20.84,60,642.0,0.2568,Business,Current,588198.95,NJ
1896,2021-07-22,1306,31440.44,12.79,36,593.0,0.2789,Personal,Current,403216.67,MN
1897,2017-06-16,853,51138.57,18.13,120,617.0,0.3292,Auto,Current,32671.95,NJ
1898,2020-08-17,2461,11851.58,19.07,36,600.0,0.5462,Auto,Current,108738.01,MD
1899,2021-11-26,177,209942.59,13.45,84,689.0,0.4912,Business,Current,400826.47,NJ
1900,2017-09-29,1263,480516.25,6.89,36,839.0,0.3889,Business,Current,36646.03,MN
1901,2022-07-22,224,39168.33,7.28,60,748.0,0.2005,Home Improvement,Current,315289.46,MI
1902,2023-05-25,146,18958.39,8.98,84,748.0,0.4613,Home Improvement,Delinquent,38281.04,MI
1903,2020-05-01,1089,56228.87,12.41,36,686.0,0.3993,Auto,Current,34798.11,TX
1904,2019-05-06,374,42480.6,8.14,36,700.0,0.4347,Personal,Current,28942.73,CA
1905,2024-03-22,1825,11612.11,7.41,36,848.0,0.3804,Home Improvement,Current,33992.95,FL
1906,2019-09-15,2131,6232.84,15.98,84,610.0,0.1068,Personal,Paid Off,47017.21,FL
1907,2018-05-09,1143,6688.97,14.25,60,618.0,0.4551,Personal,Paid Off,33619.31,NJ
1908,2015-12-10,2417,60884.12,12.45,60,680.0,0.187,Home Improvement,Delinquent,333146.82,PA
1909,2016-03-16,2186,11289.42,6.55,60,818.0,0.5418,Personal,Current,29022.61,PA
1910,2017-03-05,1275,27873.91,9.39,60,676.0,0.4573,Auto,Current,37777.18,CO
1911,2016-08-09,1266,55949.46,7.86,120,714.0,0.2879,Auto,Current,306447.48,PA
1912,2021-10-27,2300,25135.73,6.15,84,776.0,0.3596,Personal,Current,584340.43,FL
1913,2022-04-23,2369,51238.52,13.41,60,666.0,0.4281,Home Improvement,Current,99176.25,CT
1914,2022-02-24,10,33939.64,19.64,36,609.0,0.5187,Personal,Current,340266.84,MI
1915,2020-08-02,450,41305.16,7.4,36,807.0,0.3495,Home Improvement,Current,37951.77,TX
1916,2021-07-25,1839,44345.94,8.5,84,747.0,0.2027,Personal,Current,43789.12,VA
1917,2016-12-04,709,47190.6,20.2,84,593.0,0.4755,Auto,Current,29129.97,PA
1918,2023-02-10,256,53077.91,6.64,36,746.0,0.1556,Home Improvement,Current,39908.15,NJ
1919,2020-01-22,883,25002.33,18.81,36,628.0,0.2995,Home Improvement,Current,49790.47,MA
1920,2018-06-04,1618,32921.25,9.57,36,712.0,0.2128,Business,Current,36143.09,CO
1921,2021-09-08,390,25122.09,6.48,120,756.0,0.3279,Auto,Current,37648.97,FL
1922,2022-06-13,1277,38476.54,20.68,60,615.0,0.1295,Personal,Current,448684.97,GA
1923,2022-09-28,2420,61119.34,5.04,60,850.0,0.5194,Home Improvement,Paid Off,329775.85,IL
1924,2023-08-31,1582,52555.57,18.99,84,603.0,0.1701,Auto,Current,28286.51,NJ
1925,2020-03-18,909,35094.88,13.81,84,622.0,0.1238,Auto,Paid Off,382773.64,PA
1926,2021-08-12,925,49477.22,18.38,84,580.0,0.2802,Auto,Current,502413.72,IL
1927,2022-09-16,752,77703.18,8.58,60,705.0,0.5395,Education,Current,104364.17,NC
1928,2024-04-14,1940,45952.34,15.38,84,557.0,0.1952,Auto,Delinquent,26954.68,MA
1929,2022-07-26,461,28885.74,9.03,84,679.0,0.1963,Personal,Current,25104.57,PA
1930,2017-10-15,1748,47635.44,11.31,60,685.0,0.4626,Personal,Current,27693.95,TX
1931,2018-06-03,1998,29337.82,10.23,36,694.0,0.5135,Personal,Delinquent,118560.5,GA
1932,2018-11-09,1225,171318.86,15.89,120,640.0,0.404,Business,Paid Off,333872.81,NY
1933,2022-05-23,1169,51238.49,18.74,120,593.0,0.4633,Home Improvement,Current,32722.69,MI
1934,2019-07-16,959,62743.99,13.17,60,619.0,0.1255,Home Improvement,Paid Off,469970.27,CA
1935,2016-01-29,502,148317.36,6.02,36,756.0,0.45,Business,Current,24152.56,PA
1936,2021-01-14,1728,40826.2,17.2,84,619.0,0.158,Personal,Delinquent,27015.77,CA
1937,2015-11-12,740,74452.31,11.34,84,,0.2526,Education,Paid Off,299875.59,New York
1938,2016-06-10,41,76992.32,6.35,36,796.0,0.1179,Home Improvement,Current,508756.57,NJ
1939,2016-08-17,869,26335.09,14.05,84,505.0,0.4639,Home Improvement,Default,228564.93,NJ
1940,2018-04-05,732,46847.48,8.9,60,737.0,0.1067,Education,Current,365188.46,MI
1941,2020-03-26,540,28918.12,13.14,84,686.0,0.1955,Personal,Current,48530.08,GA
1942,2018-04-13,1202,38603.25,14.53,60,632.0,0.1938,Auto,Current,57221.74,NJ
1943,2017-08-16,1340,88856.97,20.12,60,587.0,0.4367,Education,Current,389133.38,NY
1944,2018-07-15,698,57780.26,18.66,84,565.0,0.2073,Auto,Paid Off,210200.46,NJ
1945,2020-06-12,1672,38618.76,9.12,60,749.0,0.4226,Home Improvement,Current,490306.75,FL
1946,2020-01-01,2109,19182.75,18.57,84,588.0,0.1526,Auto,Paid Off,354384.78,GA
1947,2020-12-10,2098,13940.68,8.5,36,736.0,0.4975,Home Improvement,Paid Off,572123.79,TX
1948,2015-07-07,1372,29091.17,6.77,36,836.0,0.4589,Personal,Paid Off,47289.23,CA
1949,2020-01-31,1146,371138.6,5.94,120,760.0,0.3004,Business,Delinquent,265727.56,NY
1950,2025-08-03,1032,14556.92,9.59,36,731.0,0.0933,Auto,Delinquent,27013.03,GA
1951,2018-01-26,373,371823.02,12.81,36,699.0,0.4619,Business,Current,56541.05,CO
1952,2019-06-01,668,44539.71,6.94,60,747.0,0.5347,Home Improvement,Current,60654.5,MI
1953,2016-07-19,1432,66547.99,4.82,120,762.0,0.4037,Home Improvement,Current,431536.1,TX
1954,2025-08-24,2246,146527.56,7.22,120,826.0,0.1787,Business,Current,47370.79,PA
1955,2016-09-12,358,45737.3,14.96,120,624.0,0.1449,Home Improvement,Current,38292.81,PA
1956,2023-03-02,968,26819.26,10.77,60,663.0,0.123,Personal,Current,89291.42,NY
1957,2019-09-22,784,82395.79,9.22,60,678.0,0.3852,Education,Current,187268.37,PA
1958,2023-08-05,736,55228.45,12.52,84,655.0,0.1528,Education,Current,183280.96,Florida
1959,2023-10-23,1354,38970.69,7.05,120,796.0,0.138,Personal,Paid Off,33470.39,VA
1960,2021-03-31,1036,84297.75,5.13,84,803.0,0.4662,Education,Paid Off,36009.85,NJ
1961,2023-05-09,971,25249.89,8.87,60,727.0,0.2012,Auto,Current,36093.57,NJ
1962,2021-11-06,471,43815.86,12.37,36,664.0,0.3794,Auto,Current,499067.61,NY
1963,2021-12-12,656,15760.99,9.59,60,724.0,0.1334,Auto,Paid Off,28384.82,New Jersey
1964,2017-10-30,2378,72364.32,8.87,120,738.0,0.4729,Home Improvement,Current,43752.88,AZ
1965,2022-05-07,1910,35729.2,19.94,60,617.0,0.5035,Home Improvement,Current,48342.34,NJ
1966,2018-01-31,2355,42503.71,7.01,60,712.0,0.3808,Auto,Paid Off,32331.73,NY
1967,2024-08-08,1397,339653.19,15.29,84,644.0,0.0931,Business,Current,43150.49,NY
1968,2018-03-05,1537,42504.58,11.89,84,666.0,0.0854,Auto,Current,207487.3,FL
1969,2024-04-02,2035,71084.63,20.49,60,627.0,0.1282,Home Improvement,Current,34515.13,NC
1970,2022-03-26,2204,100453.88,12.87,36,699.0,0.4264,Business,Current,50736.57,NJ
1971,2025-10-21,1550,73436.33,16.61,60,580.0,0.3853,Home Improvement,Paid Off,28946.44,CT
1972,2020-03-09,1329,60183.29,6.04,60,790.0,0.1758,Home Improvement,Paid Off,471009.69,VA
1973,2021-01-27,1257,45251.37,6.87,60,742.0,0.4485,Personal,Current,47746.05,MA
1974,2020-09-25,2184,47527.1,18.96,60,509.0,0.2494,Auto,Delinquent,35092.84,NJ
1975,2018-10-15,1426,13760.72,7.4,120,733.0,0.1404,Auto,Current,535452.69,PA
1976,2018-08-18,1465,19353.36,7.32,60,749.0,0.1154,Auto,Current,418062.24,NJ
1977,2019-03-29,1556,27182.85,17.18,36,500.0,0.3972,Home Improvement,Delinquent,47086.04,IL
1978,2021-01-26,2178,12064.09,10.78,36,688.0,0.2044,Personal,Paid Off,49174.51,CA
1979,2016-07-08,1251,40575.27,14.18,84,608.0,0.384,Home Improvement,Paid Off,37520.75,PA
1980,2025-03-03,1700,45696.73,12.2,60,678.0,0.2792,Home Improvement,Current,405634.38,OH
1981,2024-03-24,1253,33999.36,20.07,120,594.0,0.5159,Home Improvement,Current,41738.87,GA
1982,2023-06-01,2467,47462.45,12.08,36,623.0,0.3874,Home Improvement,Delinquent,38652.98,Florida
1983,2020-12-02,2343,23497.35,12.04,84,640.0,0.5247,Auto,Paid Off,600062.8,NY
1984,2020-07-30,1237,56990.33,10.07,120,683.0,0.4317,Auto,Current,62631.7,NY
1985,2020-03-09,886,45128.5,6.26,84,820.0,0.2518,Education,Paid Off,33850.12,GA
1986,2018-02-17,80,73465.35,17.54,36,596.0,0.1741,Home Improvement,Delinquent,25812.06,TX
1987,2020-07-21,1173,32678.65,9.93,60,723.0,0.2048,Personal,Paid Off,158690.7,IL
1988,2017-10-18,815,34123.85,19.65,84,588.0,0.144,Auto,Delinquent,35759.9,NC
1989,2019-11-30,1853,39762.22,9.8,36,747.0,0.4442,Auto,Current,479141.9,TX
1990,2022-09-01,2022,28759.63,6.46,60,754.0,0.1364,Auto,Paid Off,527742.96,PA
1991,2020-11-14,672,32676.34,10.34,60,682.0,0.4713,Home Improvement,Current,129457.18,MD
1992,2023-10-11,2209,48616.48,14.49,36,610.0,0.1311,Home Improvement,Current,433344.6,PA
1993,2019-07-01,2466,32940.76,16.16,60,579.0,0.4021,Auto,Current,257560.45,NY
1994,2019-05-03,58,21977.64,20.11,60,595.0,0.394,Auto,Current,199523.95,TX
1995,2018-05-29,134,15474.87,6.48,60,836.0,0.372,Personal,Current,30208.96,WA
1996,2018-09-21,1141,32781.77,19.83,36,594.0,0.4162,Home Improvement,Current,74389.18,NY
1997,2022-08-06,934,50238.9,14.79,36,624.0,0.2262,Home Improvement,Paid Off,35689.9,PA
1998,2019-08-23,929,183993.4,12.99,36,633.0,0.4252,Business,Current,648779.9,Pennsylvania
1999,2023-04-16,824,12126.17,7.39,36,769.0,0.2742,Auto,Current,53118.84,PA
2000,2021-02-21,1433,35018.99,16.07,60,647.0,0.4098,Home Improvement,Delinquent,575784.57,PA
2001,2021-02-03,1393,18434.64,11.62,36,651.0,0.331,Auto,Current,36074.35,NY
2002,2019-12-25,1532,56756.67,9.4,84,714.0,0.48,Auto,Current,321000.63,MD
2003,2020-09-18,1215,35625.84,18.69,36,635.0,0.2348,Education,Current,36595.22,NC
2004,2022-09-30,505,34122.9,13.22,120,621.0,0.1785,Home Improvement,Paid Off,208804.35,NJ
2005,2021-01-13,2495,65110.41,6.42,36,817.0,0.4387,Home Improvement,Delinquent,220096.74,NJ
2006,2024-04-29,348,33082.71,13.17,120,660.0,0.5485,Home Improvement,Paid Off,34626.52,NY
2007,2020-12-18,1997,40682.43,10.28,60,663.0,0.2289,Auto,Delinquent,540888.37,CT
2008,2021-06-04,387,74663.6,7.31,60,703.0,0.5365,Home Improvement,Delinquent,45183.55,VA
2009,2015-11-29,1025,59001.42,12.46,60,662.0,0.2687,Home Improvement,Paid Off,475481.26,DE
2010,2018-07-07,1959,25450.15,19.47,60,644.0,0.1398,Personal,Current,38354.86,IL
2011,2024-08-22,1385,35947.35,9.98,36,722.0,0.3813,Auto,Paid Off,32440.85,MA
2012,2023-02-19,895,31782.41,6.88,36,746.0,0.2533,Auto,Current,32428.48,MD
2013,2020-02-10,829,31261.24,7.87,60,742.0,0.3309,Education,Current,33854.3,OH
2014,2024-10-28,2459,48414.46,20.43,60,581.0,0.2068,Personal,Current,35680.44,FL
2015,2024-09-07,476,11347.24,12.53,60,,0.3677,Auto,Delinquent,26845.68,NJ
2016,2016-12-11,1684,65430.78,7.37,84,702.0,0.464,Education,Current,36786.86,NY
2017,2023-01-15,2163,77951.27,17.22,60,582.0,0.3887,Home Improvement,Current,407924.77,WA
2018,2019-06-06,2352,37004.02,7.26,36,795.0,0.5347,Home Improvement,Current,55479.93,MD
2019,2021-06-19,2148,44591.48,5.13,84,756.0,0.166,Personal,Current,184113.24,IL
2020,2020-09-23,2111,74998.13,17.5,36,618.0,0.17,Home Improvement,Current,32541.33,New York
2021,2024-02-26,653,39997.96,5.49,60,761.0,0.1716,Home Improvement,Current,240003.99,PA
2022,2021-04-17,173,24807.99,11.82,36,675.0,0.3409,Auto,Current,145040.54,OH
2023,2017-01-14,1475,7774.42,18.4,84,635.0,0.3588,Personal,Default,366636.49,NJ
2024,2020-07-30,1150,46905.98,11.55,84,684.0,0.468,Auto,Current,569234.27,NY
2025,2022-08-24,39,14126.45,6.69,84,724.0,0.3203,Auto,Current,27565.7,NY
2026,2023-01-21,1555,31620.61,19.31,60,603.0,0.406,Personal,Current,32134.98,PA
2027,2020-06-05,2410,44511.38,18.34,60,619.0,0.526,Home Improvement,Current,36663.61,CA
2028,2020-07-05,714,21372.94,8.5,36,708.0,0.4263,Auto,Current,29792.56,MD
2029,2018-09-14,91,26281.88,10.93,60,697.0,0.3754,Education,Current,148199.72,TX
2030,2017-11-19,167,31430.17,16.56,84,546.0,0.4917,Personal,Paid Off,53080.22,PA
2031,2017-09-17,1206,34891.49,7.6,36,711.0,0.1606,Home Improvement,Current,38349.24,TX
2032,2019-03-01,876,17278.09,11.28,36,681.0,0.3234,Personal,Current,37734.47,AZ
2033,2023-07-19,445,63725.22,14.01,84,603.0,0.2379,Home Improvement,Paid Off,34605.51,PA
2034,2017-03-17,2174,39375.19,12.02,36,650.0,0.5152,Personal,Current,32739.31,NC
2035,2019-05-13,2315,30663.18,14.97,84,648.0,0.313,Auto,Paid Off,59153.15,NC
2036,2018-04-19,2458,44562.59,12.0,84,652.0,0.1014,Personal,Paid Off,32876.99,NY
2037,2018-01-13,1094,315404.24,9.29,120,737.0,0.3136,Business,Current,29200.18,NY
2038,2017-01-20,1828,30911.19,4.72,60,823.0,0.3929,Auto,Current,485816.36,DE
2039,2018-07-28,1156,51919.62,16.29,120,595.0,0.1214,Home Improvement,Paid Off,510899.99,NY
2040,2024-02-11,1325,20354.31,14.78,36,611.0,0.4025,Auto,Paid Off,155274.7,WA
2041,2022-03-28,217,60583.8,6.97,84,758.0,0.4991,Home Improvement,Current,38191.35,NJ
2042,2016-11-06,1351,73946.05,13.46,36,676.0,0.466,Home Improvement,Current,50869.99,NJ
2043,2019-11-03,511,13487.43,12.05,84,694.0,0.4599,Home Improvement,Current,34523.9,NJ
2044,2017-12-03,1681,478821.35,16.4,36,580.0,0.2495,Business,Current,35118.71,DE
2045,2022-11-28,500,191707.15,20.6,120,516.0,0.4505,Business,Paid Off,231143.76,MA
2046,2018-05-25,2110,264550.49,5.13,60,795.0,0.4665,Business,Current,38389.11,PA
2047,2017-08-28,1857,22857.98,7.49,60,782.0,0.5087,Home Improvement,Paid Off,574140.77,MA
2048,2023-01-29,1389,51423.65,11.93,120,676.0,0.2483,Auto,Current,35349.22,NY
2049,2022-06-29,1520,37720.18,6.84,60,720.0,0.2118,Home Improvement,Paid Off,37385.54,PA
2050,2022-05-11,2290,17966.91,12.09,60,697.0,0.4096,Auto,Current,39746.87,PA
2051,2018-06-20,1541,42878.6,5.9,84,798.0,0.3114,Business,Current,25755.33,MN
2052,2024-11-06,1218,385335.44,9.85,60,730.0,0.3067,Business,Current,513976.61,FL
2053,2021-02-11,1417,180458.48,4.78,120,810.0,0.2141,Business,Current,40645.93,NC
2054,2019-08-19,2116,32720.8,13.15,36,670.0,0.5076,Auto,Delinquent,33705.74,NY
2055,2023-04-01,1677,328668.17,17.73,60,636.0,0.3458,Business,Current,27231.29,CT
2056,2019-05-20,1198,16972.7,7.18,84,734.0,0.2043,Auto,Current,29742.92,TX
2057,2023-10-06,1543,31674.28,6.47,60,785.0,0.356,Education,Current,53527.08,GA
2058,2021-06-01,954,14565.14,17.78,84,644.0,0.0959,Auto,Delinquent,368992.4,IL
2059,2019-09-18,751,22599.75,9.01,84,676.0,0.2808,Auto,Current,27446.11,PA
2060,2023-01-04,235,56437.77,11.29,60,690.0,0.4592,Education,Paid Off,98342.64,NC
2061,2017-03-23,733,75785.22,9.98,36,669.0,0.1029,Education,Paid Off,166794.83,NJ
2062,2023-04-30,2518,23876.1,6.25,36,832.0,0.0841,Auto,Current,32023.62,NY
2063,2021-11-08,1157,339838.79,13.34,60,627.0,0.3471,Business,Delinquent,38928.69,NY
2064,2018-05-17,2162,10034.86,7.19,60,715.0,0.4907,Personal,Current,30575.11,TX
2065,2020-01-01,1210,27841.66,12.2,60,666.0,0.5142,Auto,Paid Off,115374.3,New Jersey
2066,2019-01-13,1066,287816.18,7.63,84,724.0,0.2634,Business,Current,358285.68,NY
2067,2018-07-10,1063,29250.83,12.12,84,642.0,0.3368,Personal,Current,39580.05,PA
2068,2019-08-29,1168,54390.5,9.66,60,731.0,0.1392,Education,Current,37547.74,MA
2069,2022-07-26,1493,27782.78,7.93,36,714.0,0.4286,Home Improvement,Current,631604.08,FL
2070,2022-07-30,2079,42055.16,8.56,84,745.0,0.295,Auto,Delinquent,577989.05,CA
2071,2022-10-01,885,13452.03,15.06,84,649.0,0.4589,Home Improvement,Paid Off,51156.18,GA
2072,2019-12-13,144,12306.26,20.59,84,617.0,0.4571,Auto,Current,248813.51,NJ
2073,2022-01-05,2478,54363.79,10.5,60,695.0,0.3135,Home Improvement,Current,635875.73,CA
2074,2019-11-23,851,265421.62,12.45,60,670.0,0.359,Business,Current,26369.15,FL
2075,2018-02-01,718,3612.13,6.68,60,835.0,0.449,Personal,Paid Off,572554.48,PA
2076,2024-08-06,2396,2389.12,7.28,60,743.0,0.4633,Personal,Paid Off,544460.06,PA
2077,2016-10-16,265,121891.11,18.88,84,643.0,0.3444,Business,Current,30403.85,CO
2078,2018-09-14,76,73699.25,9.87,60,746.0,0.5045,Home Improvement,Default,36786.41,PA
2079,2016-12-14,396,36784.54,13.18,60,674.0,0.4867,Auto,Current,30429.16,NY
2080,2019-09-21,2139,15039.26,8.89,60,715.0,0.387,Home Improvement,Current,27297.59,NY
2081,2017-12-29,2360,69803.26,10.77,60,682.0,0.2585,Home Improvement,Paid Off,424552.28,MA
2082,2018-04-23,397,53264.28,13.76,36,632.0,0.3539,Auto,Paid Off,322386.47,PA
2083,2022-12-04,1366,40704.35,5.88,60,758.0,0.1457,Home Improvement,Current,71817.08,NJ
2084,2023-01-17,2099,13616.52,14.82,60,525.0,0.0904,Personal,Current,174083.46,PA
2085,2022-05-25,1904,49317.15,12.19,84,,0.4778,Auto,Delinquent,35615.17,PA
2086,2020-06-04,596,35403.15,5.49,60,779.0,0.0914,Auto,Current,191913.25,WA
2087,2021-09-26,1297,28812.75,9.53,60,689.0,0.1539,Auto,Current,606590.44,PA
2088,2023-10-20,1822,62280.96,17.61,120,589.0,0.2494,Home Improvement,Paid Off,55455.28,PA
2089,2018-09-12,873,74555.26,13.4,120,548.0,0.4606,Business,Paid Off,30307.91,CA
2090,2017-12-10,1549,34214.44,6.28,84,823.0,0.2465,Home Improvement,Current,24014.42,IL
2091,2020-12-28,37,21583.16,9.24,36,698.0,0.1731,Auto,Current,33608.99,VA
2092,2019-04-10,2123,39178.02,4.92,60,757.0,0.2845,Home Improvement,Current,50271.82,IL
2093,2017-05-08,2146,8820.17,4.88,60,759.0,0.1235,Auto,Current,52647.95,VA
2094,2020-11-02,978,20742.52,7.44,60,715.0,0.284,Auto,Current,29212.6,TX
2095,2019-05-28,1572,16020.54,5.96,60,824.0,0.3495,Auto,Current,33890.29,CA
2096,2018-02-10,1123,20861.64,5.38,60,792.0,0.5461,Personal,Current,57134.66,IL
2097,2019-04-22,1893,53053.8,6.88,120,754.0,0.4816,Home Improvement,Current,50263.9,NJ
2098,2018-02-11,676,30745.76,14.97,36,509.0,0.4627,Auto,Current,36584.9,NY
2099,2018-11-16,729,69905.44,12.3,36,596.0,0.1464,Home Improvement,Delinquent,39388.05,FL
2100,2018-01-11,413,56432.54,14.19,120,627.0,0.3771,Auto,Delinquent,547238.31,OH
2101,2024-12-21,1517,416730.32,5.57,60,754.0,0.1988,Business,Current,522279.64,AZ
2102,2021-01-07,1650,38203.04,5.6,36,799.0,0.0946,Home Improvement,Current,24509.51,PA
2103,2023-09-22,826,357744.69,6.58,120,752.0,0.3449,Business,Paid Off,27909.6,NJ
2104,2016-05-20,617,260491.99,7.46,36,844.0,0.2667,Business,Current,36280.51,TX
2105,2019-01-26,115,13365.45,4.63,36,764.0,0.144,Home Improvement,Current,344343.31,MI
2106,2018-12-05,418,17972.38,20.84,36,614.0,0.3942,Personal,Current,460997.18,AZ
2107,2015-07-05,1626,18722.93,9.17,120,686.0,0.4996,Auto,Current,78620.97,PA
2108,2021-03-26,2476,464459.94,15.7,60,645.0,0.129,Business,Paid Off,351659.62,AZ
2109,2017-11-17,90,42923.17,8.15,60,703.0,0.3042,Personal,Current,24084.56,NY
2110,2023-05-25,2083,33396.69,9.33,120,657.0,0.1746,Education,Paid Off,330276.44,VA
2111,2018-07-13,754,50136.99,15.76,60,647.0,0.4022,Home Improvement,Current,59617.85,NY
2112,2023-12-30,1631,75865.63,14.78,60,629.0,0.4437,Business,Current,265648.73,IL
2113,2024-04-15,12,58361.18,20.43,36,523.0,0.1823,Home Improvement,Current,490397.6,NC
2114,2020-10-11,285,44951.06,19.14,36,622.0,0.2547,Auto,Current,32246.27,NY
2115,2020-10-14,1067,41408.56,8.47,60,732.0,0.3851,Personal,Current,31990.2,CT
2116,2020-07-29,1192,190786.48,19.19,120,612.0,0.1886,Business,Current,586565.95,NC
2117,2018-04-02,1441,47222.51,19.19,84,581.0,0.3998,Education,Current,37220.92,GA
2118,2017-06-05,2362,32073.79,9.5,120,678.0,0.4055,Personal,Current,33916.22,MA
2119,2016-11-26,2361,34774.42,13.44,36,553.0,0.3547,Personal,Delinquent,588763.32,GA
2120,2022-04-13,2280,66211.37,6.15,60,821.0,0.1959,Home Improvement,Current,344720.8,NJ
2121,2020-09-19,1569,39620.92,7.37,60,738.0,0.3783,Education,Current,202789.1,MN
2122,2016-09-11,2166,9044.51,17.96,60,558.0,0.319,Education,Current,32007.0,FL
2123,2023-08-31,1688,49093.53,4.78,84,824.0,0.3296,Personal,Current,35850.03,GA
2124,2022-09-08,852,53732.9,6.4,60,765.0,0.5254,Auto,Delinquent,27371.44,PA
2125,2019-02-18,896,475894.5,16.3,36,628.0,0.5208,Business,Delinquent,27185.18,NY
2126,2022-01-02,497,58432.2,9.06,36,724.0,0.2962,Auto,Current,25417.79,NJ
2127,2018-07-07,1783,368261.06,19.07,60,628.0,0.3494,Business,Current,578468.05,PA
2128,2018-02-25,336,69485.4,7.03,60,759.0,0.153,Home Improvement,Current,36012.06,CT
2129,2019-10-01,516,33152.38,14.92,120,575.0,0.5146,Personal,Delinquent,30336.32,VA
2130,2016-09-09,1349,42130.68,5.81,84,757.0,0.2809,Auto,Current,37232.97,MA
2131,2018-01-28,1016,48995.8,10.82,60,673.0,0.4496,Home Improvement,Current,42230.69,OH
2132,2023-04-22,2368,43322.98,20.16,36,643.0,0.3147,Personal,Default,148338.44,CO
2133,2020-05-08,1782,43026.04,5.01,120,775.0,0.5079,Auto,Current,193041.16,OH
2134,2023-06-10,1786,41779.21,9.67,60,662.0,0.3479,Home Improvement,Current,31625.87,IL
2135,2019-10-08,2071,53487.1,9.92,84,702.0,0.4212,Auto,Current,36872.09,PA
2136,2019-10-23,357,28353.08,17.84,36,631.0,0.238,Personal,Current,24489.98,VA
2137,2020-06-11,2403,13487.38,8.8,120,711.0,0.4553,Education,Current,43221.5,NC
2138,2021-04-17,1313,20077.91,11.85,120,698.0,0.3641,Education,Current,32446.79,NJ
2139,2022-09-30,1636,22767.51,10.64,36,670.0,0.4318,Home Improvement,Current,24211.94,Florida
2140,2018-10-05,551,28187.51,14.66,120,563.0,0.2465,Home Improvement,Paid Off,49522.8,IL
2141,2022-06-26,1228,57004.44,15.77,84,637.0,0.3729,Auto,Current,28408.22,PA
2142,2022-11-11,2253,19797.46,18.25,84,627.0,0.4761,Personal,Delinquent,430537.55,NY
2143,2020-03-25,958,43438.48,10.12,36,675.0,0.4245,Home Improvement,Delinquent,28732.26,IL
2144,2024-10-17,1774,45839.89,9.02,60,691.0,0.4916,Home Improvement,Current,35811.93,PA
2145,2023-04-26,2142,15851.43,14.31,120,581.0,0.1615,Personal,Current,35528.5,MA
2146,2022-02-25,1009,20980.35,7.79,120,718.0,0.4208,Personal,Current,24194.94,PA
2147,2020-03-09,1093,31182.17,12.65,60,695.0,0.4211,Auto,Current,31274.57,VA
2148,2022-04-21,2247,31256.49,5.52,120,783.0,0.3117,Personal,Current,57235.66,IL
2149,2022-03-31,997,51274.17,7.67,60,712.0,0.4908,Auto,Current,154686.58,NJ
2150,2017-11-28,1680,51221.85,13.13,60,647.0,0.4001,Auto,Paid Off,60368.63,CA
2151,2020-04-08,154,41846.53,15.67,84,602.0,0.4857,Personal,Current,57271.24,NJ
2152,2019-03-17,581,15753.03,18.35,84,592.0,0.4565,Home Improvement,Paid Off,512686.17,PA
2153,2018-08-18,1471,64689.36,8.0,36,746.0,0.2865,Home Improvement,Current,35986.23,CT
2154,2020-04-08,704,29003.67,6.0,60,784.0,0.13,Personal,Delinquent,128743.43,FL
2155,2024-04-21,1213,29336.86,5.96,84,783.0,0.1874,Personal,Paid Off,464408.29,PA
2156,2016-11-13,897,72526.08,11.43,60,692.0,0.4795,Business,Current,30615.42,CO
2157,2021-10-27,488,264814.41,19.22,36,621.0,0.5179,Business,Current,35374.14,FL
2158,2023-05-20,560,241640.29,7.59,36,705.0,0.2115,Business,Current,30371.72,FL
2159,2016-01-18,1142,27481.5,6.88,60,757.0,0.0911,Auto,Current,477257.55,NY
2160,2022-12-23,1120,14796.52,14.09,84,647.0,0.1802,Home Improvement,Current,31442.2,TX
2161,2018-02-01,513,50081.06,13.23,84,628.0,0.5335,Home Improvement,Current,27660.17,NJ
2162,2024-05-08,634,58159.47,7.93,120,741.0,0.2652,Home Improvement,Current,286695.99,PA
2163,2022-03-02,2173,166994.28,20.88,60,619.0,0.3929,Business,Delinquent,527546.9,NJ
2164,2023-04-06,1665,65542.58,17.19,36,612.0,0.1408,Home Improvement,Current,46599.85,NJ
2165,2025-02-14,1013,311907.28,17.41,84,631.0,0.2621,Business,Current,39629.68,WA
2166,2024-08-07,1932,103475.4,14.37,120,582.0,0.297,Business,Delinquent,28054.58,TX
2167,2017-05-22,1151,122854.11,19.41,60,587.0,0.5115,Business,Current,233958.28,CA
2168,2016-10-29,2365,6814.89,12.32,120,581.0,0.2072,Personal,Current,117415.75,Texas
2169,2023-01-28,117,55717.95,8.32,36,737.0,0.0943,Auto,Current,25609.69,GA
2170,2018-10-08,741,40235.45,6.58,60,794.0,0.3932,Auto,Current,35713.41,MD
2171,2020-04-12,2338,22449.01,6.97,60,796.0,0.5399,Home Improvement,Current,561557.93,New Jersey
2172,2021-06-02,1975,47485.44,10.8,36,686.0,0.2107,Auto,Current,34724.9,CA
2173,2020-02-19,1082,63196.78,10.7,36,663.0,0.5138,Home Improvement,Current,416920.89,AZ
2174,2022-09-12,1811,54148.18,6.48,60,839.0,0.2381,Education,Delinquent,45082.92,NY
2175,2019-10-16,831,41492.82,12.69,120,682.0,0.2523,Auto,Current,81175.14,PA
2176,2017-11-04,120,56407.45,13.28,36,617.0,0.118,Home Improvement,Current,220494.59,TX
2177,2021-02-26,657,251037.65,9.86,60,737.0,0.3396,Business,Current,29252.29,MA
2178,2020-08-29,2502,30878.69,7.17,84,798.0,0.1888,Auto,Current,30184.49,NJ
2179,2022-03-31,2262,30587.4,17.07,60,638.0,0.1173,Auto,Default,490529.0,CA
2180,2019-01-01,2470,20203.3,13.65,120,609.0,0.1377,Personal,Current,33561.02,CA
2181,2020-06-13,636,32346.75,8.9,60,728.0,0.0875,Home Improvement,Current,376921.3,NJ
2182,2020-09-02,370,451497.96,7.02,36,716.0,0.0831,Business,Current,447597.59,PA
2183,2023-02-05,269,43698.62,6.19,60,752.0,0.1439,Home Improvement,Current,29376.93,CT
2184,2022-11-04,47,39356.25,10.69,60,689.0,0.4886,Education,Current,41672.69,PA
2185,2022-09-15,992,23755.6,15.03,120,635.0,0.1417,Auto,Current,25298.8,PA
2186,2022-08-31,877,39863.37,12.21,60,538.0,0.4177,Auto,Default,625157.37,MA
2187,2020-06-19,774,33134.82,12.94,36,610.0,0.1561,Personal,Current,33843.23,TX
2188,2023-02-12,1220,36001.43,18.96,120,502.0,0.3041,Personal,Default,206447.49,MA
2189,2022-11-13,1127,32655.06,12.33,36,632.0,0.3854,Personal,Paid Off,29300.59,PA
2190,2019-11-01,5,23907.72,8.75,36,712.0,0.3992,Auto,Paid Off,233659.09,MA
2191,2021-12-27,1596,492395.49,7.25,60,753.0,0.2391,Business,Current,255831.26,MA
2192,2020-07-19,1078,22731.65,4.57,36,846.0,0.2476,Personal,Current,32667.35,AZ
2193,2017-12-13,838,42952.54,9.02,60,721.0,0.4528,Home Improvement,Paid Off,31899.59,Florida
2194,2023-09-16,682,51799.77,20.61,36,599.0,0.5181,Education,Default,32661.19,MA
2195,2019-06-06,1716,184735.67,8.87,84,749.0,0.5393,Business,Current,24945.8,NJ
2196,2018-02-14,1149,220000.43,5.02,36,840.0,0.5253,Business,Current,26721.62,PA
2197,2019-01-24,575,29056.51,12.5,60,596.0,0.2879,Personal,Current,43359.13,MI
2198,2016-09-17,51,76552.46,8.54,84,728.0,0.5177,Home Improvement,Current,555361.9,TX
2199,2024-03-24,854,73962.78,7.23,36,718.0,0.2774,Education,Paid Off,35074.96,TX
2200,2019-05-24,1983,83856.5,10.39,60,691.0,0.3063,Education,Current,334676.81,NY
2201,2020-02-09,1824,28594.2,6.62,84,721.0,0.2083,Home Improvement,Current,46627.95,MI
2202,2020-04-18,834,31399.59,15.93,60,606.0,0.177,Personal,Current,31381.34,PA
2203,2019-05-07,1116,72831.64,8.16,36,729.0,0.1788,Home Improvement,Current,35574.0,MD
2204,2019-06-07,1167,256266.52,7.07,60,718.0,0.4086,Business,Current,461725.63,PA
2205,2018-04-10,1907,76262.63,4.84,60,760.0,0.182,Home Improvement,Paid Off,32133.62,VA
2206,2019-03-16,972,35308.81,13.64,60,614.0,0.4334,Personal,Paid Off,30714.87,CT
2207,2019-07-03,400,166767.63,4.72,60,795.0,0.4654,Business,Current,328589.49,MD
2208,2021-06-09,20,17878.73,8.77,120,722.0,0.5475,Home Improvement,Current,31023.9,MD
2209,2021-07-09,685,12104.43,6.56,60,804.0,0.2947,Personal,Current,47982.5,NJ
2210,2017-06-25,36,51561.97,6.76,84,759.0,0.4238,Home Improvement,Current,34680.13,PA
2211,2018-01-25,2387,42663.48,13.0,60,,0.1426,Home Improvement,Current,33491.35,NJ
2212,2017-11-18,525,49717.25,11.65,120,687.0,0.287,Personal,Current,36470.86,FL
2213,2021-11-22,921,340395.33,17.72,36,566.0,0.5328,Business,Current,173740.12,WA
2214,2023-07-06,1842,17685.29,19.55,84,626.0,0.3657,Home Improvement,Paid Off,34322.31,NY
2215,2021-05-03,1891,76482.26,18.67,60,529.0,0.4418,Home Improvement,Current,38068.77,FL
2216,2021-04-06,538,41459.35,9.71,84,666.0,0.3519,Auto,Current,447346.62,GA
2217,2019-01-06,1706,32041.87,20.28,120,639.0,0.1175,Auto,Paid Off,441408.29,NC
2218,2024-08-20,2469,52658.03,19.05,36,587.0,0.5305,Auto,Paid Off,333614.18,GA
2219,2023-04-17,246,389087.38,8.63,120,704.0,0.1363,Business,Current,515656.27,PA
2220,2021-05-27,785,39957.2,4.84,36,829.0,0.0856,Auto,Paid Off,308854.33,AZ
2221,2019-06-11,1410,14615.87,12.83,84,689.0,0.2583,Personal,Current,24250.43,CT
2222,2017-10-22,155,33834.19,7.29,60,746.0,0.3102,Personal,Current,34810.86,NJ
2223,2019-06-01,1687,67305.3,5.94,60,786.0,0.4356,Home Improvement,Current,103730.98,PA
2224,2018-01-27,626,338150.02,13.44,60,571.0,0.1118,Business,Current,38606.61,VA
2225,2023-08-24,2421,58596.41,13.14,60,659.0,0.171,Home Improvement,Paid Off,235753.55,FL
2226,2025-03-21,1347,33155.34,6.65,60,731.0,0.3752,Auto,Current,533438.28,PA
2227,2023-05-20,570,16993.34,4.67,60,752.0,0.1981,Auto,Current,44326.22,PA
2228,2016-07-08,1759,47244.05,8.46,60,719.0,0.5484,Personal,Current,38125.3,CA
2229,2018-04-03,1817,24478.32,19.96,36,588.0,0.3253,Personal,Delinquent,268194.93,AZ
2230,2025-03-21,2066,45033.71,6.03,84,814.0,0.5295,Home Improvement,Paid Off,31238.29,PA
2231,2018-03-02,128,38090.36,12.09,60,,0.3475,Home Improvement,Current,25498.8,TX
2232,2021-02-13,2505,17270.37,8.06,36,716.0,0.45,Home Improvement,Current,77277.28,NJ
2233,2020-11-23,2007,33982.62,14.52,84,516.0,0.5365,Home Improvement,Delinquent,253700.23,NY
2234,2019-04-23,981,55371.05,16.09,36,581.0,0.5154,Home Improvement,Delinquent,34358.72,TX
2235,2022-03-23,191,61186.02,12.49,60,601.0,0.2413,Home Improvement,Paid Off,32527.12,IL
2236,2020-02-07,1140,33365.5,7.5,60,701.0,0.4911,Auto,Current,28758.61,PA
2237,2019-07-30,993,70234.57,11.58,60,,0.1121,Business,Current,52677.71,NY
2238,2025-10-26,700,35766.3,16.42,36,642.0,0.5042,Auto,Current,571020.91,NJ
2239,2017-11-21,607,44025.74,11.44,84,680.0,0.3039,Personal,Current,30715.74,MD
2240,2020-07-06,181,202693.97,20.0,60,637.0,0.1324,Business,Delinquent,402130.87,NJ
2241,2016-02-04,302,24979.77,12.55,120,658.0,0.0924,Home Improvement,Paid Off,29772.43,DE
2242,2017-12-21,1061,33929.18,13.01,84,684.0,0.1653,Personal,Current,49378.76,OH
2243,2022-03-17,2379,20615.41,20.4,84,552.0,0.3433,Home Improvement,Paid Off,251468.59,CT
2244,2025-02-15,2422,52756.58,12.56,36,605.0,0.3429,Auto,Current,37161.86,DE
2245,2016-02-28,1070,47548.47,13.74,84,647.0,0.1108,Home Improvement,Current,320712.54,NJ
2246,2016-12-01,2206,58270.39,13.43,120,635.0,0.293,Auto,Current,30923.89,NY
2247,2016-03-31,1244,26174.94,6.48,36,805.0,0.0943,Auto,Current,28633.76,PA
2248,2022-09-11,17,8917.95,19.48,84,641.0,0.4607,Auto,Current,275670.95,PA
2249,2017-09-16,2508,64267.29,6.74,36,759.0,0.5444,Home Improvement,Paid Off,36986.02,NJ
2250,2023-11-07,547,37994.08,9.12,84,654.0,0.1043,Personal,Current,150312.43,OH
2251,2016-05-01,659,65002.94,6.78,84,721.0,0.3727,Home Improvement,Current,36373.55,DE
2252,2018-03-20,2274,84484.16,7.49,36,799.0,0.4754,Education,Current,383393.55,OH
2253,2020-07-24,2304,33271.19,15.79,120,643.0,0.2995,Auto,Current,36190.62,WA
2254,2021-02-25,1505,39085.84,17.19,36,601.0,0.4795,Auto,Delinquent,199746.12,PA
2255,2017-01-25,960,68300.51,9.24,36,658.0,0.5051,Home Improvement,Current,25220.62,GA
2256,2018-05-23,798,35348.78,14.62,36,642.0,0.1296,Home Improvement,Current,202165.54,VA
2257,2023-08-11,226,263252.93,5.75,36,785.0,0.1412,Business,Current,83703.69,NY
2258,2021-09-28,2075,41988.3,15.77,60,595.0,0.3039,Auto,Current,152958.52,NJ
2259,2019-01-25,1800,38171.64,11.26,120,670.0,0.1706,Home Improvement,Delinquent,125591.19,TX
2260,2023-07-26,2494,20876.88,7.63,60,700.0,0.5249,Home Improvement,Current,410047.1,NC
2261,2023-02-09,2086,90302.99,18.67,36,540.0,0.5224,Education,Default,646884.58,MA
2262,2022-03-19,1694,47163.21,7.45,36,708.0,0.4288,Home Improvement,Current,42374.05,OH
2263,2022-03-18,1046,456814.58,10.84,120,689.0,0.3231,Business,Current,36191.92,MD
2264,2025-01-07,470,323333.17,9.46,60,704.0,0.1043,Business,Paid Off,32380.24,NJ
2265,2021-11-30,955,7642.77,7.96,36,703.0,0.54,Personal,Current,33101.63,PA
2266,2019-10-04,2504,18057.67,6.58,36,759.0,0.1552,Auto,Current,43581.1,PA
2267,2021-05-22,640,10046.93,12.18,120,620.0,0.4045,Personal,Current,292393.58,NC
2268,2016-02-29,2341,12243.44,10.92,84,683.0,0.3948,Personal,Delinquent,230631.1,PA
2269,2022-04-30,1219,37330.98,19.47,36,604.0,0.5489,Personal,Default,33276.53,PA
2270,2021-03-27,1159,65096.91,10.19,120,681.0,0.3651,Home Improvement,Current,38551.85,PA
2271,2025-05-31,1416,32628.01,13.4,60,506.0,0.4698,Personal,Delinquent,38864.58,NJ
2272,2023-05-16,2283,31090.06,17.65,60,643.0,0.4075,Auto,Default,199268.73,AZ
2273,2021-03-11,1528,31040.81,9.71,84,742.0,0.327,Home Improvement,Current,47146.92,NC
2274,2020-12-21,2460,32180.73,10.0,60,743.0,0.2736,Auto,Delinquent,24502.45,AZ
2275,2017-05-28,1301,21084.38,5.03,84,770.0,0.4166,Auto,Current,31552.22,IL
2276,2018-05-31,2415,81652.06,11.07,84,662.0,0.0801,Education,Current,98162.95,New York
2277,2016-09-28,1604,59848.75,16.08,84,601.0,0.1076,Auto,Delinquent,298148.2,NJ
2278,2020-03-02,161,31118.59,16.19,84,598.0,0.1508,Auto,Paid Off,359252.3,NY
2279,2024-06-23,1705,60142.21,7.38,36,707.0,0.0929,Home Improvement,Current,403234.82,PA
2280,2018-11-27,957,14215.3,11.23,84,669.0,0.3879,Personal,Delinquent,30264.69,IL
2281,2019-10-10,2455,490059.45,13.08,120,687.0,0.3045,Business,Current,42574.71,OH
2282,2019-03-29,878,42810.93,14.35,84,608.0,0.4896,Auto,Current,195487.42,PA
2283,2022-04-21,1920,33435.27,15.97,60,633.0,0.5236,Auto,Current,31232.62,NY
2284,2018-05-14,1885,40849.16,19.29,36,602.0,0.137,Personal,Current,548658.37,PA
2285,2016-09-12,2201,50666.78,18.29,120,625.0,0.3546,Auto,Delinquent,51033.11,PA
2286,2018-01-27,99,13786.73,14.45,60,585.0,0.4337,Personal,Delinquent,33460.97,NY
2287,2016-05-30,2385,30359.23,10.25,60,,0.2113,Home Improvement,Default,549274.71,NJ
2288,2018-09-07,254,48917.97,11.11,120,665.0,0.1646,Home Improvement,Current,46770.95,NY
2289,2021-01-24,104,363981.11,9.21,60,738.0,0.3602,Business,Current,243155.07,NC
2290,2019-08-22,1446,29451.47,4.66,84,755.0,0.3823,Personal,Current,28854.44,PA
2291,2017-12-06,1444,497479.65,15.91,60,605.0,0.232,Business,Paid Off,52334.21,OH
2292,2017-06-03,1649,34946.48,13.28,60,566.0,0.2744,Auto,Default,30980.02,DE
2293,2024-04-03,587,25591.45,6.34,36,843.0,0.0978,Education,Current,26840.14,NY
2294,2016-02-28,628,75718.11,16.5,60,604.0,0.1903,Home Improvement,Paid Off,30073.13,MD
2295,2018-07-23,1697,36100.43,16.08,120,633.0,0.1154,Home Improvement,Paid Off,32642.81,DE
2296,2018-11-17,2102,47862.33,7.26,60,837.0,0.2341,Auto,Current,30213.11,FL
2297,2021-08-20,2200,9928.14,11.46,60,685.0,0.3717,Auto,Current,357351.72,Pennsylvania
2298,2023-06-13,404,24151.02,13.4,36,604.0,0.4465,Personal,Default,50356.71,PA
2299,2017-03-03,1155,17930.1,6.07,36,796.0,0.3732,Auto,Current,36764.53,OH
2300,2018-09-02,2256,50881.57,9.28,36,703.0,0.4191,Auto,Current,104014.87,DE
2301,2023-09-15,1683,17054.11,6.98,36,717.0,0.5247,Home Improvement,Current,28745.33,TX
2302,2024-09-14,2057,12047.32,12.58,60,659.0,0.134,Auto,Default,510260.59,CA
2303,2022-08-24,2398,26092.6,9.66,84,650.0,0.2496,Auto,Current,35482.76,GA
2304,2019-09-02,453,57446.32,15.61,36,637.0,0.4511,Home Improvement,Paid Off,29331.66,CA
2305,2021-10-29,2302,56133.74,6.66,60,793.0,0.0939,Home Improvement,Paid Off,43010.31,CT
2306,2020-08-19,1328,3887.06,18.37,60,580.0,0.1587,Personal,Paid Off,405180.89,PA
2307,2021-08-18,2050,74808.58,18.8,60,649.0,0.0865,Business,Delinquent,258404.44,IL
2308,2022-07-13,881,46984.64,14.31,120,643.0,0.5199,Auto,Delinquent,48872.83,PA
2309,2022-04-12,2457,75808.2,8.03,120,735.0,0.3271,Home Improvement,Current,36353.99,CT
2310,2018-01-03,624,31920.62,12.01,120,583.0,0.1066,Auto,Current,43093.98,CT
2311,2023-03-21,2335,39947.73,13.76,84,636.0,0.284,Personal,Default,38746.47,CT
2312,2016-01-15,1788,28879.72,8.22,60,716.0,0.0814,Home Improvement,Current,219152.71,NY
2313,2016-07-04,263,8177.14,11.9,84,686.0,0.3644,Education,Current,34804.51,NY
2314,2015-10-29,1635,28063.81,20.47,84,596.0,0.5213,Personal,Current,366234.73,FL
2315,2021-10-30,1439,44437.91,4.6,60,777.0,0.2985,Auto,Delinquent,38222.11,NY
2316,2019-06-30,2199,22466.86,15.48,120,620.0,0.0855,Home Improvement,Current,49780.8,MI
2317,2017-07-16,1970,27392.1,9.01,60,736.0,0.5287,Personal,Current,24727.96,NY
2318,2018-10-18,1803,24318.43,16.88,36,618.0,0.4251,Auto,Current,25687.53,MD
2319,2020-01-20,641,16850.68,12.1,84,613.0,0.1372,Home Improvement,Current,43761.19,PA
2320,2023-02-13,2388,55001.0,13.81,60,581.0,0.1839,Auto,Paid Off,58585.37,Illinois
2321,2018-04-11,1960,16116.98,8.91,36,740.0,0.0913,Auto,Current,35428.46,FL
2322,2023-07-15,489,37964.53,13.34,36,685.0,0.2885,Personal,Delinquent,40452.95,PA
2323,2019-09-08,1844,35561.57,15.61,60,541.0,0.3739,Home Improvement,Current,25683.26,FL
2324,2024-07-08,1735,409950.59,14.75,84,589.0,0.2789,Business,Current,35037.2,DE
2325,2024-05-06,147,137266.59,8.15,36,738.0,0.3853,Business,Paid Off,519080.81,NJ
2326,2022-12-09,1535,48477.41,9.54,120,700.0,0.3224,Home Improvement,Paid Off,27744.84,MN
2327,2018-07-10,1987,400944.05,12.77,84,684.0,0.4472,Business,Current,118405.18,NJ
2328,2024-02-03,1370,38439.61,6.41,36,751.0,0.2325,Auto,Current,184456.1,IL
2329,2019-07-21,2473,41161.87,9.65,84,671.0,0.4009,Home Improvement,Current,418641.92,VA
2330,2020-02-05,660,346506.56,11.62,84,691.0,0.2389,Business,Current,30899.21,GA
2331,2022-02-19,1795,34705.84,5.07,120,843.0,0.5457,Home Improvement,Current,33000.25,NJ
2332,2022-07-29,187,119022.36,13.11,36,641.0,0.3562,Business,Paid Off,38801.49,FL
2333,2025-08-19,1148,30278.69,5.02,120,762.0,0.3503,Auto,Current,117136.31,PA
2334,2016-12-14,609,49993.14,18.86,60,648.0,0.1256,Personal,Current,33735.14,TX
2335,2024-07-12,2192,19664.69,5.29,60,808.0,0.2376,Personal,Paid Off,155442.68,PA
2336,2021-04-10,1931,57166.47,11.5,60,690.0,0.2194,Home Improvement,Paid Off,42031.27,PA
2337,2020-09-27,198,34923.21,15.25,84,614.0,0.4696,Home Improvement,Current,270900.98,NY
2338,2016-04-10,2328,35413.78,9.94,120,725.0,0.2857,Auto,Current,261437.36,MN
2339,2020-01-08,294,21560.92,6.52,84,818.0,0.5036,Personal,Current,24138.68,TX
2340,2017-04-10,767,44233.48,14.43,60,604.0,0.2637,Home Improvement,Current,33127.8,TX
